datetime,period,network,item,type,duration,date,time,year,month,weekday
1999-10-15 06:58:00,1999-11,T-Mobile,data,data,34.5,1999-10-15,06:58:00,1999,October,Friday
1999-10-15 06:58:00,1999-11,Orange,call,mobile,13.0,1999-10-15,06:58:00,1999,October,Friday
1999-10-15 14:46:00,1999-11,Play,call,mobile,23.0,1999-10-15,14:46:00,1999,October,Friday
1999-10-15 14:48:00,1999-11,Plus,call,mobile,4.0,1999-10-15,14:48:00,1999,October,Friday
1999-10-15 17:27:00,1999-11,T-Mobile,call,mobile,4.0,1999-10-15,17:27:00,1999,October,Friday
1999-10-15 18:55:00,1999-11,Plus,call,mobile,4.0,1999-10-15,18:55:00,1999,October,Friday
1999-10-16 06:58:00,1999-11,Play,data,data,34.5,1999-10-16,06:58:00,1999,October,Saturday
1999-10-16 15:01:00,1999-11,T-Mobile,call,mobile,602.0,1999-10-16,15:01:00,1999,October,Saturday
1999-10-16 15:12:00,1999-11,T-Mobile,call,mobile,1050.0,1999-10-16,15:12:00,1999,October,Saturday
1999-10-16 15:30:00,1999-11,T-Mobile,call,voicemail,19.0,1999-10-16,15:30:00,1999,October,Saturday
1999-10-16 16:21:00,1999-11,T-Mobile,call,mobile,1183.0,1999-10-16,16:21:00,1999,October,Saturday
1999-10-16 22:18:00,1999-11,Play,sms,mobile,1.0,1999-10-16,22:18:00,1999,October,Saturday
1999-10-16 22:21:00,1999-11,Play,sms,mobile,1.0,1999-10-16,22:21:00,1999,October,Saturday
1999-10-17 06:58:00,1999-11,Play,data,data,34.5,1999-10-17,06:58:00,1999,October,Sunday
1999-10-17 10:53:00,1999-11,Plus,sms,mobile,1.0,1999-10-17,10:53:00,1999,October,Sunday
1999-10-17 11:19:00,1999-11,Plus,sms,mobile,1.0,1999-10-17,11:19:00,1999,October,Sunday
1999-10-17 11:20:00,1999-11,Play,sms,mobile,1.0,1999-10-17,11:20:00,1999,October,Sunday
1999-10-17 17:22:00,1999-11,Orange,sms,mobile,1.0,1999-10-17,17:22:00,1999,October,Sunday
1999-10-17 17:23:00,1999-11,Orange,sms,mobile,1.0,1999-10-17,17:23:00,1999,October,Sunday
1999-10-17 17:26:00,1999-11,T-Mobile,call,mobile,92.0,1999-10-17,17:26:00,1999,October,Sunday
1999-10-17 17:29:00,1999-11,Orange,call,mobile,4.0,1999-10-17,17:29:00,1999,October,Sunday
1999-10-17 17:30:00,1999-11,Plus,call,mobile,375.0,1999-10-17,17:30:00,1999,October,Sunday
1999-10-17 17:42:00,1999-11,Orange,sms,mobile,1.0,1999-10-17,17:42:00,1999,October,Sunday
1999-10-17 17:44:00,1999-11,Orange,sms,mobile,1.0,1999-10-17,17:44:00,1999,October,Sunday
1999-10-17 17:44:00,1999-11,Orange,sms,mobile,1.0,1999-10-17,17:44:00,1999,October,Sunday
1999-10-17 17:44:00,1999-11,Orange,sms,mobile,1.0,1999-10-17,17:44:00,1999,October,Sunday
1999-10-18 06:58:00,1999-11,Plus,data,data,34.5,1999-10-18,06:58:00,1999,October,Monday
1999-10-18 11:51:00,1999-11,Plus,call,mobile,783.0,1999-10-18,11:51:00,1999,October,Monday
1999-10-18 12:06:00,1999-11,Orange,call,mobile,4.0,1999-10-18,12:06:00,1999,October,Monday
1999-10-18 12:06:00,1999-11,Orange,call,mobile,3.0,1999-10-18,12:06:00,1999,October,Monday
1999-10-18 13:08:00,1999-11,Orange,call,mobile,101.0,1999-10-18,13:08:00,1999,October,Monday
1999-10-18 13:10:00,1999-11,T-Mobile,call,mobile,1714.0,1999-10-18,13:10:00,1999,October,Monday
1999-10-18 14:01:00,1999-11,T-Mobile,call,voicemail,96.0,1999-10-18,14:01:00,1999,October,Monday
1999-10-18 18:52:00,1999-11,Orange,sms,mobile,1.0,1999-10-18,18:52:00,1999,October,Monday
1999-10-18 20:44:00,1999-11,T-Mobile,call,mobile,384.0,1999-10-18,20:44:00,1999,October,Monday
1999-10-18 21:04:00,1999-11,T-Mobile,call,mobile,4.0,1999-10-18,21:04:00,1999,October,Monday
1999-10-18 21:06:00,1999-11,T-Mobile,sms,mobile,1.0,1999-10-18,21:06:00,1999,October,Monday
1999-10-18 21:23:00,1999-11,Orange,sms,mobile,1.0,1999-10-18,21:23:00,1999,October,Monday
1999-10-18 22:37:00,1999-11,T-Mobile,sms,mobile,1.0,1999-10-18,22:37:00,1999,October,Monday
1999-10-19 06:58:00,1999-11,Plus,data,data,34.5,1999-10-19,06:58:00,1999,October,Tuesday
1999-10-19 14:47:00,1999-11,T-Mobile,call,mobile,53.0,1999-10-19,14:47:00,1999,October,Tuesday
1999-10-19 15:46:00,1999-11,Plus,call,mobile,86.0,1999-10-19,15:46:00,1999,October,Tuesday
1999-10-19 16:21:00,1999-11,T-Mobile,call,mobile,23.0,1999-10-19,16:21:00,1999,October,Tuesday
1999-10-19 16:30:00,1999-11,T-Mobile,call,mobile,38.0,1999-10-19,16:30:00,1999,October,Tuesday
1999-10-19 20:25:00,1999-11,T-Mobile,call,mobile,428.0,1999-10-19,20:25:00,1999,October,Tuesday
1999-10-20 06:58:00,1999-11,Play,data,data,34.5,1999-10-20,06:58:00,1999,October,Wednesday
1999-10-20 09:43:00,1999-11,Plus,call,voicemail,69.0,1999-10-20,09:43:00,1999,October,Wednesday
1999-10-20 09:43:00,1999-11,T-Mobile,call,voicemail,18.0,1999-10-20,09:43:00,1999,October,Wednesday
1999-10-20 13:55:00,1999-11,Orange,call,mobile,3.0,1999-10-20,13:55:00,1999,October,Wednesday
1999-10-20 13:56:00,1999-11,landline,call,landline,6.0,1999-10-20,13:56:00,1999,October,Wednesday
1999-10-20 18:14:00,1999-11,Plus,call,mobile,5.0,1999-10-20,18:14:00,1999,October,Wednesday
1999-10-20 18:24:00,1999-11,Orange,call,mobile,131.0,1999-10-20,18:24:00,1999,October,Wednesday
1999-10-20 19:59:00,1999-11,Orange,sms,mobile,1.0,1999-10-20,19:59:00,1999,October,Wednesday
1999-10-20 20:16:00,1999-11,Orange,sms,mobile,1.0,1999-10-20,20:16:00,1999,October,Wednesday
1999-10-21 06:58:00,1999-11,Play,data,data,34.5,1999-10-21,06:58:00,1999,October,Thursday
1999-10-21 16:17:00,1999-11,T-Mobile,call,mobile,550.0,1999-10-21,16:17:00,1999,October,Thursday
1999-10-22 06:58:00,1999-11,Play,data,data,34.5,1999-10-22,06:58:00,1999,October,Friday
1999-10-22 12:04:00,1999-11,T-Mobile,call,mobile,7.0,1999-10-22,12:04:00,1999,October,Friday
1999-10-23 06:58:00,1999-11,Play,data,data,34.5,1999-10-23,06:58:00,1999,October,Saturday
1999-10-23 08:34:00,1999-11,landline,call,landline,1940.0,1999-10-23,08:34:00,1999,October,Saturday
1999-10-23 09:45:00,1999-11,Play,call,mobile,281.0,1999-10-23,09:45:00,1999,October,Saturday
1999-10-23 10:46:00,1999-11,Plus,sms,mobile,1.0,1999-10-23,10:46:00,1999,October,Saturday
1999-10-23 10:54:00,1999-11,Orange,sms,mobile,1.0,1999-10-23,10:54:00,1999,October,Saturday
1999-10-23 11:17:00,1999-11,Orange,sms,mobile,1.0,1999-10-23,11:17:00,1999,October,Saturday
1999-10-23 11:25:00,1999-11,Orange,call,mobile,24.0,1999-10-23,11:25:00,1999,October,Saturday
1999-10-23 17:48:00,1999-11,Play,call,mobile,263.0,1999-10-23,17:48:00,1999,October,Saturday
1999-10-24 06:58:00,1999-11,Play,data,data,34.5,1999-10-24,06:58:00,1999,October,Sunday
1999-10-24 13:35:00,1999-11,Orange,sms,mobile,1.0,1999-10-24,13:35:00,1999,October,Sunday
1999-10-24 13:39:00,1999-11,Orange,sms,mobile,1.0,1999-10-24,13:39:00,1999,October,Sunday
1999-10-24 13:39:00,1999-11,Orange,sms,mobile,1.0,1999-10-24,13:39:00,1999,October,Sunday
1999-10-24 13:47:00,1999-11,Orange,sms,mobile,1.0,1999-10-24,13:47:00,1999,October,Sunday
1999-10-24 13:48:00,1999-11,Orange,sms,mobile,1.0,1999-10-24,13:48:00,1999,October,Sunday
1999-10-24 13:50:00,1999-11,Orange,sms,mobile,1.0,1999-10-24,13:50:00,1999,October,Sunday
1999-10-24 13:57:00,1999-11,Orange,sms,mobile,1.0,1999-10-24,13:57:00,1999,October,Sunday
1999-10-24 13:57:00,1999-11,Orange,sms,mobile,1.0,1999-10-24,13:57:00,1999,October,Sunday
1999-10-24 14:20:00,1999-11,T-Mobile,sms,mobile,1.0,1999-10-24,14:20:00,1999,October,Sunday
1999-10-24 14:27:00,1999-11,Orange,sms,mobile,1.0,1999-10-24,14:27:00,1999,October,Sunday
1999-10-24 18:29:00,1999-11,Orange,sms,mobile,1.0,1999-10-24,18:29:00,1999,October,Sunday
1999-10-24 18:33:00,1999-11,Plus,call,mobile,387.0,1999-10-24,18:33:00,1999,October,Sunday
1999-10-24 18:40:00,1999-11,Orange,sms,mobile,1.0,1999-10-24,18:40:00,1999,October,Sunday
1999-10-25 06:58:00,1999-11,Plus,data,data,34.5,1999-10-25,06:58:00,1999,October,Monday
1999-10-26 06:58:00,1999-11,Plus,data,data,34.5,1999-10-26,06:58:00,1999,October,Tuesday
1999-10-26 14:51:00,1999-11,T-Mobile,call,mobile,4.0,1999-10-26,14:51:00,1999,October,Tuesday
1999-10-26 21:10:00,1999-11,Plus,call,mobile,637.0,1999-10-26,21:10:00,1999,October,Tuesday
1999-10-26 21:22:00,1999-11,Play,call,mobile,28.0,1999-10-26,21:22:00,1999,October,Tuesday
1999-10-26 21:38:00,1999-11,T-Mobile,call,mobile,62.0,1999-10-26,21:38:00,1999,October,Tuesday
1999-10-27 01:45:00,1999-11,Plus,call,mobile,3.0,1999-10-27,01:45:00,1999,October,Wednesday
1999-10-27 06:58:00,1999-11,Plus,data,data,34.5,1999-10-27,06:58:00,1999,October,Wednesday
1999-10-27 11:03:00,1999-11,T-Mobile,call,mobile,146.0,1999-10-27,11:03:00,1999,October,Wednesday
1999-10-27 16:30:00,1999-11,T-Mobile,call,mobile,48.0,1999-10-27,16:30:00,1999,October,Wednesday
1999-10-27 19:20:00,1999-11,T-Mobile,call,mobile,862.0,1999-10-27,19:20:00,1999,October,Wednesday
1999-10-27 19:55:00,1999-11,T-Mobile,call,mobile,25.0,1999-10-27,19:55:00,1999,October,Wednesday
1999-10-28 06:58:00,1999-11,Plus,data,data,34.5,1999-10-28,06:58:00,1999,October,Thursday
1999-10-28 16:39:00,1999-11,landline,call,landline,833.0,1999-10-28,16:39:00,1999,October,Thursday
1999-10-28 20:44:00,1999-11,Plus,call,mobile,206.0,1999-10-28,20:44:00,1999,October,Thursday
1999-10-29 06:58:00,1999-11,Plus,data,data,34.5,1999-10-29,06:58:00,1999,October,Friday
1999-10-29 12:56:00,1999-11,Orange,call,mobile,442.0,1999-10-29,12:56:00,1999,October,Friday
1999-10-30 06:58:00,1999-11,Plus,data,data,34.5,1999-10-30,06:58:00,1999,October,Saturday
1999-10-30 14:31:00,1999-11,Orange,call,mobile,463.0,1999-10-30,14:31:00,1999,October,Saturday
1999-10-30 19:48:00,1999-11,Orange,call,mobile,4.0,1999-10-30,19:48:00,1999,October,Saturday
1999-10-30 20:02:00,1999-11,Play,call,mobile,4.0,1999-10-30,20:02:00,1999,October,Saturday
1999-10-31 06:58:00,1999-11,Plus,data,data,34.5,1999-10-31,06:58:00,1999,October,Sunday
1999-10-31 07:46:00,1999-11,Orange,sms,mobile,1.0,1999-10-31,07:46:00,1999,October,Sunday
1999-10-31 08:00:00,1999-11,Orange,sms,mobile,1.0,1999-10-31,08:00:00,1999,October,Sunday
1999-10-31 13:26:00,1999-11,T-Mobile,call,mobile,5.0,1999-10-31,13:26:00,1999,October,Sunday
1999-10-31 13:27:00,1999-11,Plus,call,mobile,1234.0,1999-10-31,13:27:00,1999,October,Sunday
1999-10-31 14:10:00,1999-11,T-Mobile,call,mobile,43.0,1999-10-31,14:10:00,1999,October,Sunday
1999-10-31 18:29:00,1999-11,T-Mobile,sms,mobile,1.0,1999-10-31,18:29:00,1999,October,Sunday
1999-10-31 18:29:00,1999-11,T-Mobile,sms,mobile,1.0,1999-10-31,18:29:00,1999,October,Sunday
1999-10-31 18:30:00,1999-11,Play,call,mobile,483.0,1999-10-31,18:30:00,1999,October,Sunday
1999-10-31 18:39:00,1999-11,Plus,call,mobile,3.0,1999-10-31,18:39:00,1999,October,Sunday
1999-11-01 06:58:00,1999-11,Play,data,data,34.5,1999-11-01,06:58:00,1999,November,Monday
1999-11-01 15:13:00,1999-11,Orange,call,mobile,955.0,1999-11-01,15:13:00,1999,November,Monday
1999-11-01 17:54:00,1999-11,Plus,call,mobile,4.0,1999-11-01,17:54:00,1999,November,Monday
1999-11-02 06:58:00,1999-11,Play,data,data,34.5,1999-11-02,06:58:00,1999,November,Tuesday
1999-11-02 14:34:00,1999-11,T-Mobile,call,mobile,459.0,1999-11-02,14:34:00,1999,November,Tuesday
1999-11-02 15:44:00,1999-11,T-Mobile,call,mobile,1023.0,1999-11-02,15:44:00,1999,November,Tuesday
1999-11-02 19:16:00,1999-11,T-Mobile,call,mobile,1025.0,1999-11-02,19:16:00,1999,November,Tuesday
1999-11-02 21:42:00,1999-11,Play,call,mobile,169.0,1999-11-02,21:42:00,1999,November,Tuesday
1999-11-02 22:55:00,1999-11,Play,call,mobile,8.0,1999-11-02,22:55:00,1999,November,Tuesday
1999-11-03 06:58:00,1999-11,Play,data,data,34.5,1999-11-03,06:58:00,1999,November,Wednesday
1999-11-03 08:40:00,1999-11,T-Mobile,sms,special,1.0,1999-11-03,08:40:00,1999,November,Wednesday
1999-11-03 10:30:00,1999-11,T-Mobile,call,mobile,135.0,1999-11-03,10:30:00,1999,November,Wednesday
1999-11-03 10:37:00,1999-11,Orange,call,mobile,7.0,1999-11-03,10:37:00,1999,November,Wednesday
1999-11-03 10:47:00,1999-11,Orange,call,mobile,37.0,1999-11-03,10:47:00,1999,November,Wednesday
1999-11-03 14:04:00,1999-11,Orange,sms,mobile,1.0,1999-11-03,14:04:00,1999,November,Wednesday
1999-11-03 15:27:00,1999-11,T-Mobile,call,mobile,5.0,1999-11-03,15:27:00,1999,November,Wednesday
1999-11-03 16:07:00,1999-11,landline,call,landline,123.0,1999-11-03,16:07:00,1999,November,Wednesday
1999-11-03 16:10:00,1999-11,Plus,call,mobile,4.0,1999-11-03,16:10:00,1999,November,Wednesday
1999-11-03 17:03:00,1999-11,Orange,call,mobile,90.0,1999-11-03,17:03:00,1999,November,Wednesday
1999-11-03 22:36:00,1999-11,Plus,call,mobile,3.0,1999-11-03,22:36:00,1999,November,Wednesday
1999-11-04 06:58:00,1999-11,Play,data,data,34.5,1999-11-04,06:58:00,1999,November,Thursday
1999-11-04 11:58:00,1999-11,Orange,sms,mobile,1.0,1999-11-04,11:58:00,1999,November,Thursday
1999-11-04 11:58:00,1999-11,Orange,sms,mobile,1.0,1999-11-04,11:58:00,1999,November,Thursday
1999-11-04 13:12:00,1999-11,T-Mobile,sms,mobile,1.0,1999-11-04,13:12:00,1999,November,Thursday
1999-11-04 14:05:00,1999-11,T-Mobile,sms,mobile,1.0,1999-11-04,14:05:00,1999,November,Thursday
1999-11-04 14:26:00,1999-11,T-Mobile,call,voicemail,1.0,1999-11-04,14:26:00,1999,November,Thursday
1999-11-04 14:26:00,1999-11,Plus,call,voicemail,98.0,1999-11-04,14:26:00,1999,November,Thursday
1999-11-04 16:13:00,1999-11,T-Mobile,sms,mobile,1.0,1999-11-04,16:13:00,1999,November,Thursday
1999-11-04 16:19:00,1999-11,Play,call,mobile,8.0,1999-11-04,16:19:00,1999,November,Thursday
1999-11-04 16:22:00,1999-11,Play,call,mobile,9.0,1999-11-04,16:22:00,1999,November,Thursday
1999-11-04 16:24:00,1999-11,Play,call,mobile,4.0,1999-11-04,16:24:00,1999,November,Thursday
1999-11-04 16:34:00,1999-11,T-Mobile,sms,mobile,1.0,1999-11-04,16:34:00,1999,November,Thursday
1999-11-04 16:39:00,1999-11,Play,sms,mobile,1.0,1999-11-04,16:39:00,1999,November,Thursday
1999-11-04 16:41:00,1999-11,Play,sms,mobile,1.0,1999-11-04,16:41:00,1999,November,Thursday
1999-11-04 16:45:00,1999-11,T-Mobile,sms,mobile,1.0,1999-11-04,16:45:00,1999,November,Thursday
1999-11-04 18:26:00,1999-11,Plus,call,mobile,4.0,1999-11-04,18:26:00,1999,November,Thursday
1999-11-04 20:15:00,1999-11,T-Mobile,call,mobile,11.0,1999-11-04,20:15:00,1999,November,Thursday
1999-11-04 20:15:00,1999-11,Play,sms,mobile,1.0,1999-11-04,20:15:00,1999,November,Thursday
1999-11-04 20:15:00,1999-11,Play,sms,mobile,1.0,1999-11-04,20:15:00,1999,November,Thursday
1999-11-04 20:16:00,1999-11,Play,call,mobile,166.0,1999-11-04,20:16:00,1999,November,Thursday
1999-11-05 06:58:00,1999-11,Play,data,data,34.5,1999-11-05,06:58:00,1999,November,Friday
1999-11-05 10:59:00,1999-11,T-Mobile,call,mobile,55.0,1999-11-05,10:59:00,1999,November,Friday
1999-11-05 11:30:00,1999-11,Orange,sms,mobile,1.0,1999-11-05,11:30:00,1999,November,Friday
1999-11-05 11:43:00,1999-11,Orange,sms,mobile,1.0,1999-11-05,11:43:00,1999,November,Friday
1999-11-05 12:43:00,1999-11,Orange,sms,mobile,1.0,1999-11-05,12:43:00,1999,November,Friday
1999-11-05 19:35:00,1999-11,Orange,call,mobile,29.0,1999-11-05,19:35:00,1999,November,Friday
1999-11-06 01:02:00,1999-11,Orange,sms,mobile,1.0,1999-11-06,01:02:00,1999,November,Saturday
1999-11-06 01:02:00,1999-11,Orange,sms,mobile,1.0,1999-11-06,01:02:00,1999,November,Saturday
1999-11-06 06:58:00,1999-11,Play,data,data,34.5,1999-11-06,06:58:00,1999,November,Saturday
1999-11-06 09:04:00,1999-11,Orange,sms,mobile,1.0,1999-11-06,09:04:00,1999,November,Saturday
1999-11-06 09:05:00,1999-11,Orange,sms,mobile,1.0,1999-11-06,09:05:00,1999,November,Saturday
1999-11-06 09:47:00,1999-11,Orange,call,mobile,150.0,1999-11-06,09:47:00,1999,November,Saturday
1999-11-06 09:50:00,1999-11,T-Mobile,call,mobile,89.0,1999-11-06,09:50:00,1999,November,Saturday
1999-11-06 09:52:00,1999-11,Play,call,mobile,75.0,1999-11-06,09:52:00,1999,November,Saturday
1999-11-06 09:54:00,1999-11,T-Mobile,call,mobile,5.0,1999-11-06,09:54:00,1999,November,Saturday
1999-11-06 11:47:00,1999-11,Orange,call,mobile,8.0,1999-11-06,11:47:00,1999,November,Saturday
1999-11-06 14:52:00,1999-11,Orange,sms,mobile,1.0,1999-11-06,14:52:00,1999,November,Saturday
1999-11-06 18:02:00,1999-11,Plus,call,mobile,279.0,1999-11-06,18:02:00,1999,November,Saturday
1999-11-06 18:07:00,1999-11,Orange,call,mobile,452.0,1999-11-06,18:07:00,1999,November,Saturday
1999-11-07 06:58:00,1999-11,Plus,data,data,34.5,1999-11-07,06:58:00,1999,November,Sunday
1999-11-07 09:33:00,1999-11,Orange,call,mobile,1205.0,1999-11-07,09:33:00,1999,November,Sunday
1999-11-07 17:51:00,1999-11,T-Mobile,call,mobile,218.0,1999-11-07,17:51:00,1999,November,Sunday
1999-11-07 21:04:00,1999-11,Orange,sms,mobile,1.0,1999-11-07,21:04:00,1999,November,Sunday
1999-11-07 21:10:00,1999-11,Orange,sms,mobile,1.0,1999-11-07,21:10:00,1999,November,Sunday
1999-11-07 21:12:00,1999-11,Orange,sms,mobile,1.0,1999-11-07,21:12:00,1999,November,Sunday
1999-11-07 21:12:00,1999-11,Orange,sms,mobile,1.0,1999-11-07,21:12:00,1999,November,Sunday
1999-11-07 21:19:00,1999-11,Orange,sms,mobile,1.0,1999-11-07,21:19:00,1999,November,Sunday
1999-11-07 21:25:00,1999-11,Orange,sms,mobile,1.0,1999-11-07,21:25:00,1999,November,Sunday
1999-11-07 21:31:00,1999-11,Orange,sms,mobile,1.0,1999-11-07,21:31:00,1999,November,Sunday
1999-11-07 21:31:00,1999-11,Orange,sms,mobile,1.0,1999-11-07,21:31:00,1999,November,Sunday
1999-11-07 22:04:00,1999-11,Orange,sms,mobile,1.0,1999-11-07,22:04:00,1999,November,Sunday
1999-11-08 06:58:00,1999-11,Plus,data,data,34.5,1999-11-08,06:58:00,1999,November,Monday
1999-11-08 16:33:00,1999-11,T-Mobile,call,mobile,41.0,1999-11-08,16:33:00,1999,November,Monday
1999-11-08 18:18:00,1999-11,Plus,call,mobile,6.0,1999-11-08,18:18:00,1999,November,Monday
1999-11-09 01:41:00,1999-11,T-Mobile,sms,mobile,1.0,1999-11-09,01:41:00,1999,November,Tuesday
1999-11-09 01:49:00,1999-11,T-Mobile,sms,mobile,1.0,1999-11-09,01:49:00,1999,November,Tuesday
1999-11-09 01:50:00,1999-11,T-Mobile,sms,mobile,1.0,1999-11-09,01:50:00,1999,November,Tuesday
1999-11-09 02:04:00,1999-11,T-Mobile,sms,mobile,1.0,1999-11-09,02:04:00,1999,November,Tuesday
1999-11-09 06:58:00,1999-11,Orange,data,data,34.5,1999-11-09,06:58:00,1999,November,Tuesday
1999-11-09 19:21:00,1999-11,Plus,call,mobile,14.0,1999-11-09,19:21:00,1999,November,Tuesday
1999-11-09 22:09:00,1999-11,T-Mobile,call,mobile,3.0,1999-11-09,22:09:00,1999,November,Tuesday
1999-11-10 06:58:00,1999-11,Orange,data,data,34.5,1999-11-10,06:58:00,1999,November,Wednesday
1999-11-10 09:29:00,1999-11,Orange,call,mobile,178.0,1999-11-10,09:29:00,1999,November,Wednesday
1999-11-10 11:36:00,1999-11,T-Mobile,call,mobile,412.0,1999-11-10,11:36:00,1999,November,Wednesday
1999-11-10 14:59:00,1999-11,T-Mobile,call,mobile,13.0,1999-11-10,14:59:00,1999,November,Wednesday
1999-11-10 15:15:00,1999-11,T-Mobile,call,mobile,459.0,1999-11-10,15:15:00,1999,November,Wednesday
1999-11-10 18:19:00,1999-11,T-Mobile,sms,mobile,1.0,1999-11-10,18:19:00,1999,November,Wednesday
1999-11-10 18:34:00,1999-11,T-Mobile,sms,mobile,1.0,1999-11-10,18:34:00,1999,November,Wednesday
1999-11-11 06:58:00,1999-11,Play,data,data,34.5,1999-11-11,06:58:00,1999,November,Thursday
1999-11-11 09:28:00,1999-11,Orange,call,mobile,3.0,1999-11-11,09:28:00,1999,November,Thursday
1999-11-11 11:32:00,1999-11,Orange,call,mobile,3.0,1999-11-11,11:32:00,1999,November,Thursday
1999-11-11 11:37:00,1999-11,T-Mobile,sms,mobile,1.0,1999-11-11,11:37:00,1999,November,Thursday
1999-11-11 12:39:00,1999-11,T-Mobile,call,mobile,36.0,1999-11-11,12:39:00,1999,November,Thursday
1999-11-11 14:13:00,1999-11,Play,sms,mobile,1.0,1999-11-11,14:13:00,1999,November,Thursday
1999-11-11 14:20:00,1999-11,Play,sms,mobile,1.0,1999-11-11,14:20:00,1999,November,Thursday
1999-11-11 14:41:00,1999-11,Play,sms,mobile,1.0,1999-11-11,14:41:00,1999,November,Thursday
1999-11-11 19:56:00,1999-11,T-Mobile,sms,mobile,1.0,1999-11-11,19:56:00,1999,November,Thursday
1999-11-12 06:58:00,1999-11,Orange,data,data,34.5,1999-11-12,06:58:00,1999,November,Friday
1999-11-12 10:48:00,1999-11,Orange,sms,mobile,1.0,1999-11-12,10:48:00,1999,November,Friday
1999-11-12 10:48:00,1999-11,T-Mobile,sms,mobile,1.0,1999-11-12,10:48:00,1999,November,Friday
1999-11-12 10:48:00,1999-11,Orange,sms,mobile,1.0,1999-11-12,10:48:00,1999,November,Friday
1999-11-12 10:49:00,1999-11,T-Mobile,sms,mobile,1.0,1999-11-12,10:49:00,1999,November,Friday
1999-11-12 12:04:00,1999-11,T-Mobile,sms,mobile,1.0,1999-11-12,12:04:00,1999,November,Friday
1999-11-12 13:49:00,1999-11,Orange,sms,mobile,1.0,1999-11-12,13:49:00,1999,November,Friday
1999-11-12 16:16:00,1999-11,Orange,sms,mobile,1.0,1999-11-12,16:16:00,1999,November,Friday
1999-11-12 16:19:00,1999-11,landline,call,landline,4.0,1999-11-12,16:19:00,1999,November,Friday
1999-11-12 16:42:00,1999-11,Orange,sms,mobile,1.0,1999-11-12,16:42:00,1999,November,Friday
1999-11-12 16:42:00,1999-11,Orange,sms,mobile,1.0,1999-11-12,16:42:00,1999,November,Friday
1999-11-12 17:14:00,1999-11,Orange,sms,mobile,1.0,1999-11-12,17:14:00,1999,November,Friday
1999-11-12 17:14:00,1999-11,Orange,sms,mobile,1.0,1999-11-12,17:14:00,1999,November,Friday
1999-11-12 17:49:00,1999-11,T-Mobile,sms,mobile,1.0,1999-11-12,17:49:00,1999,November,Friday
1999-11-12 17:56:00,1999-11,T-Mobile,call,mobile,145.0,1999-11-12,17:56:00,1999,November,Friday
1999-11-12 17:59:00,1999-11,T-Mobile,call,mobile,1001.0,1999-11-12,17:59:00,1999,November,Friday
1999-11-12 19:01:00,1999-11,Orange,call,mobile,7.0,1999-11-12,19:01:00,1999,November,Friday
1999-11-12 19:18:00,1999-11,T-Mobile,sms,mobile,1.0,1999-11-12,19:18:00,1999,November,Friday
1999-11-12 19:18:00,1999-11,T-Mobile,sms,mobile,1.0,1999-11-12,19:18:00,1999,November,Friday
1999-11-12 19:20:00,1999-11,Orange,sms,mobile,1.0,1999-11-12,19:20:00,1999,November,Friday
1999-11-13 06:58:00,1999-12,Orange,data,data,34.5,1999-11-13,06:58:00,1999,November,Saturday
1999-11-13 22:30:00,1999-11,T-Mobile,sms,mobile,1.0,1999-11-13,22:30:00,1999,November,Saturday
1999-11-13 22:31:00,1999-11,Orange,sms,mobile,1.0,1999-11-13,22:31:00,1999,November,Saturday
1999-11-14 06:58:00,1999-12,Plus,data,data,34.5,1999-11-14,06:58:00,1999,November,Sunday
1999-11-14 17:24:00,1999-12,Plus,call,voicemail,124.0,1999-11-14,17:24:00,1999,November,Sunday
1999-11-14 17:28:00,1999-12,Orange,sms,mobile,1.0,1999-11-14,17:28:00,1999,November,Sunday
1999-11-15 06:58:00,1999-12,Plus,data,data,34.5,1999-11-15,06:58:00,1999,November,Monday
1999-11-16 06:58:00,1999-12,Plus,data,data,34.5,1999-11-16,06:58:00,1999,November,Tuesday
1999-11-16 14:05:00,1999-12,Orange,call,mobile,4.0,1999-11-16,14:05:00,1999,November,Tuesday
1999-11-17 06:58:00,1999-12,Plus,data,data,34.5,1999-11-17,06:58:00,1999,November,Wednesday
1999-11-18 06:58:00,1999-12,Plus,data,data,34.5,1999-11-18,06:58:00,1999,November,Thursday
1999-11-18 08:22:00,1999-12,Orange,sms,mobile,1.0,1999-11-18,08:22:00,1999,November,Thursday
1999-11-18 08:29:00,1999-12,Orange,sms,mobile,1.0,1999-11-18,08:29:00,1999,November,Thursday
1999-11-18 08:29:00,1999-12,Orange,sms,mobile,1.0,1999-11-18,08:29:00,1999,November,Thursday
1999-11-18 08:33:00,1999-12,Orange,sms,mobile,1.0,1999-11-18,08:33:00,1999,November,Thursday
1999-11-18 08:34:00,1999-12,Orange,sms,mobile,1.0,1999-11-18,08:34:00,1999,November,Thursday
1999-11-18 08:34:00,1999-12,Orange,sms,mobile,1.0,1999-11-18,08:34:00,1999,November,Thursday
1999-11-18 08:39:00,1999-12,Orange,sms,mobile,1.0,1999-11-18,08:39:00,1999,November,Thursday
1999-11-18 08:42:00,1999-12,Orange,sms,mobile,1.0,1999-11-18,08:42:00,1999,November,Thursday
1999-11-18 08:45:00,1999-12,Orange,sms,mobile,1.0,1999-11-18,08:45:00,1999,November,Thursday
1999-11-18 09:35:00,1999-12,Orange,sms,mobile,1.0,1999-11-18,09:35:00,1999,November,Thursday
1999-11-19 06:58:00,1999-12,Play,data,data,34.5,1999-11-19,06:58:00,1999,November,Friday
1999-11-19 14:05:00,1999-12,Plus,call,mobile,128.0,1999-11-19,14:05:00,1999,November,Friday
1999-11-19 14:11:00,1999-12,Play,call,mobile,249.0,1999-11-19,14:11:00,1999,November,Friday
1999-11-19 18:56:00,1999-12,T-Mobile,call,mobile,2120.0,1999-11-19,18:56:00,1999,November,Friday
1999-11-19 22:48:00,1999-12,Orange,sms,mobile,1.0,1999-11-19,22:48:00,1999,November,Friday
1999-11-20 06:58:00,1999-12,Play,data,data,34.5,1999-11-20,06:58:00,1999,November,Saturday
1999-11-20 14:57:00,1999-12,Play,call,voicemail,71.0,1999-11-20,14:57:00,1999,November,Saturday
1999-11-20 14:59:00,1999-12,T-Mobile,call,mobile,56.0,1999-11-20,14:59:00,1999,November,Saturday
1999-11-20 16:22:00,1999-12,Play,sms,mobile,1.0,1999-11-20,16:22:00,1999,November,Saturday
1999-11-20 19:08:00,1999-12,T-Mobile,call,mobile,9.0,1999-11-20,19:08:00,1999,November,Saturday
1999-11-20 21:03:00,1999-12,T-Mobile,call,mobile,3.0,1999-11-20,21:03:00,1999,November,Saturday
1999-11-20 21:03:00,1999-12,T-Mobile,call,mobile,3.0,1999-11-20,21:03:00,1999,November,Saturday
1999-11-21 00:17:00,1999-12,Plus,call,mobile,17.0,1999-11-21,00:17:00,1999,November,Sunday
1999-11-21 01:13:00,1999-12,Orange,sms,mobile,1.0,1999-11-21,01:13:00,1999,November,Sunday
1999-11-21 06:58:00,1999-12,Play,data,data,34.5,1999-11-21,06:58:00,1999,November,Sunday
1999-11-21 10:29:00,1999-12,Play,sms,mobile,1.0,1999-11-21,10:29:00,1999,November,Sunday
1999-11-21 10:29:00,1999-12,Play,sms,mobile,1.0,1999-11-21,10:29:00,1999,November,Sunday
1999-11-21 10:30:00,1999-12,Play,sms,mobile,1.0,1999-11-21,10:30:00,1999,November,Sunday
1999-11-21 11:29:00,1999-12,landline,call,landline,8.0,1999-11-21,11:29:00,1999,November,Sunday
1999-11-21 11:31:00,1999-12,Orange,call,mobile,982.0,1999-11-21,11:31:00,1999,November,Sunday
1999-11-21 11:49:00,1999-12,landline,call,landline,11.0,1999-11-21,11:49:00,1999,November,Sunday
1999-11-21 11:50:00,1999-12,T-Mobile,call,mobile,34.0,1999-11-21,11:50:00,1999,November,Sunday
1999-11-21 11:50:00,1999-12,T-Mobile,call,mobile,8.0,1999-11-21,11:50:00,1999,November,Sunday
1999-11-21 13:31:00,1999-12,Plus,call,mobile,600.0,1999-11-21,13:31:00,1999,November,Sunday
1999-11-21 18:07:00,1999-12,Play,call,mobile,244.0,1999-11-21,18:07:00,1999,November,Sunday
1999-11-22 02:10:00,1999-12,Plus,call,mobile,186.0,1999-11-22,02:10:00,1999,November,Monday
1999-11-22 06:58:00,1999-12,Play,data,data,34.5,1999-11-22,06:58:00,1999,November,Monday
1999-11-22 12:02:00,1999-12,Play,call,mobile,75.0,1999-11-22,12:02:00,1999,November,Monday
1999-11-22 12:10:00,1999-12,Orange,call,mobile,90.0,1999-11-22,12:10:00,1999,November,Monday
1999-11-22 14:30:00,1999-12,Orange,call,mobile,13.0,1999-11-22,14:30:00,1999,November,Monday
1999-11-22 14:33:00,1999-12,Orange,call,mobile,20.0,1999-11-22,14:33:00,1999,November,Monday
1999-11-22 14:34:00,1999-12,Orange,call,mobile,2.0,1999-11-22,14:34:00,1999,November,Monday
1999-11-23 06:58:00,1999-12,Play,data,data,34.5,1999-11-23,06:58:00,1999,November,Tuesday
1999-11-23 13:24:00,1999-12,T-Mobile,call,mobile,208.0,1999-11-23,13:24:00,1999,November,Tuesday
1999-11-23 16:10:00,1999-12,T-Mobile,call,mobile,107.0,1999-11-23,16:10:00,1999,November,Tuesday
1999-11-23 17:36:00,1999-12,T-Mobile,call,mobile,55.0,1999-11-23,17:36:00,1999,November,Tuesday
1999-11-23 17:53:00,1999-12,T-Mobile,call,mobile,5.0,1999-11-23,17:53:00,1999,November,Tuesday
1999-11-23 17:53:00,1999-12,T-Mobile,call,mobile,20.0,1999-11-23,17:53:00,1999,November,Tuesday
1999-11-23 17:54:00,1999-12,T-Mobile,call,mobile,2.0,1999-11-23,17:54:00,1999,November,Tuesday
1999-11-24 06:58:00,1999-12,T-Mobile,data,data,34.5,1999-11-24,06:58:00,1999,November,Wednesday
1999-11-24 09:40:00,1999-12,T-Mobile,sms,mobile,1.0,1999-11-24,09:40:00,1999,November,Wednesday
1999-11-24 12:24:00,1999-12,Play,call,mobile,4.0,1999-11-24,12:24:00,1999,November,Wednesday
1999-11-25 06:58:00,1999-12,T-Mobile,data,data,34.5,1999-11-25,06:58:00,1999,November,Thursday
1999-11-25 11:25:00,1999-12,Orange,call,mobile,21.0,1999-11-25,11:25:00,1999,November,Thursday
1999-11-25 16:09:00,1999-12,Play,sms,mobile,1.0,1999-11-25,16:09:00,1999,November,Thursday
1999-11-25 16:19:00,1999-12,Play,sms,mobile,1.0,1999-11-25,16:19:00,1999,November,Thursday
1999-11-25 17:10:00,1999-12,Play,call,mobile,114.0,1999-11-25,17:10:00,1999,November,Thursday
1999-11-25 18:06:00,1999-12,Play,sms,mobile,1.0,1999-11-25,18:06:00,1999,November,Thursday
1999-11-25 18:18:00,1999-12,Play,call,mobile,81.0,1999-11-25,18:18:00,1999,November,Thursday
1999-11-25 18:47:00,1999-12,Play,call,voicemail,174.0,1999-11-25,18:47:00,1999,November,Thursday
1999-11-25 19:10:00,1999-12,Plus,call,mobile,71.0,1999-11-25,19:10:00,1999,November,Thursday
1999-11-25 19:20:00,1999-12,Plus,call,mobile,40.0,1999-11-25,19:20:00,1999,November,Thursday
1999-11-25 19:21:00,1999-12,Orange,call,voicemail,29.0,1999-11-25,19:21:00,1999,November,Thursday
1999-11-25 19:25:00,1999-12,Plus,call,mobile,37.0,1999-11-25,19:25:00,1999,November,Thursday
1999-11-25 19:26:00,1999-12,Orange,call,voicemail,63.0,1999-11-25,19:26:00,1999,November,Thursday
1999-11-25 20:39:00,1999-12,T-Mobile,sms,mobile,1.0,1999-11-25,20:39:00,1999,November,Thursday
1999-11-26 06:58:00,1999-12,T-Mobile,data,data,34.5,1999-11-26,06:58:00,1999,November,Friday
1999-11-26 07:03:00,1999-12,Play,call,mobile,14.0,1999-11-26,07:03:00,1999,November,Friday
1999-11-26 07:15:00,1999-12,Orange,sms,mobile,1.0,1999-11-26,07:15:00,1999,November,Friday
1999-11-26 07:57:00,1999-12,Orange,sms,mobile,1.0,1999-11-26,07:57:00,1999,November,Friday
1999-11-26 07:59:00,1999-12,T-Mobile,call,mobile,4.0,1999-11-26,07:59:00,1999,November,Friday
1999-11-26 08:00:00,1999-12,Orange,sms,mobile,1.0,1999-11-26,08:00:00,1999,November,Friday
1999-11-26 08:13:00,1999-12,T-Mobile,call,mobile,10.0,1999-11-26,08:13:00,1999,November,Friday
1999-11-26 08:16:00,1999-12,T-Mobile,call,mobile,3.0,1999-11-26,08:16:00,1999,November,Friday
1999-11-26 08:26:00,1999-12,T-Mobile,call,mobile,3.0,1999-11-26,08:26:00,1999,November,Friday
1999-11-26 08:27:00,1999-12,T-Mobile,call,mobile,3.0,1999-11-26,08:27:00,1999,November,Friday
1999-11-26 09:01:00,1999-12,Play,sms,mobile,1.0,1999-11-26,09:01:00,1999,November,Friday
1999-11-26 11:53:00,1999-12,Play,sms,mobile,1.0,1999-11-26,11:53:00,1999,November,Friday
1999-11-26 11:54:00,1999-12,Play,sms,mobile,1.0,1999-11-26,11:54:00,1999,November,Friday
1999-11-26 11:54:00,1999-12,Play,sms,mobile,1.0,1999-11-26,11:54:00,1999,November,Friday
1999-11-26 11:56:00,1999-12,Play,sms,mobile,1.0,1999-11-26,11:56:00,1999,November,Friday
1999-11-26 17:48:00,1999-12,T-Mobile,call,mobile,3.0,1999-11-26,17:48:00,1999,November,Friday
1999-11-27 06:58:00,1999-12,Plus,data,data,34.5,1999-11-27,06:58:00,1999,November,Saturday
1999-11-27 16:53:00,1999-12,T-Mobile,call,mobile,1116.0,1999-11-27,16:53:00,1999,November,Saturday
1999-11-27 18:38:00,1999-12,T-Mobile,sms,mobile,1.0,1999-11-27,18:38:00,1999,November,Saturday
1999-11-28 06:58:00,1999-12,Plus,data,data,34.5,1999-11-28,06:58:00,1999,November,Sunday
1999-11-28 13:05:00,1999-12,T-Mobile,sms,mobile,1.0,1999-11-28,13:05:00,1999,November,Sunday
1999-11-28 13:12:00,1999-12,T-Mobile,sms,mobile,1.0,1999-11-28,13:12:00,1999,November,Sunday
1999-11-28 19:03:00,1999-12,Plus,call,mobile,143.0,1999-11-28,19:03:00,1999,November,Sunday
1999-11-29 06:58:00,1999-12,Plus,data,data,34.5,1999-11-29,06:58:00,1999,November,Monday
1999-11-29 14:44:00,1999-12,T-Mobile,call,mobile,151.0,1999-11-29,14:44:00,1999,November,Monday
1999-11-30 06:58:00,1999-12,Plus,data,data,34.5,1999-11-30,06:58:00,1999,November,Tuesday
1999-11-30 11:45:00,1999-12,T-Mobile,sms,mobile,1.0,1999-11-30,11:45:00,1999,November,Tuesday
1999-11-30 11:48:00,1999-12,T-Mobile,sms,mobile,1.0,1999-11-30,11:48:00,1999,November,Tuesday
1999-11-30 11:48:00,1999-12,T-Mobile,sms,mobile,1.0,1999-11-30,11:48:00,1999,November,Tuesday
1999-11-30 12:06:00,1999-12,T-Mobile,sms,mobile,1.0,1999-11-30,12:06:00,1999,November,Tuesday
1999-11-30 14:24:00,1999-12,T-Mobile,sms,mobile,1.0,1999-11-30,14:24:00,1999,November,Tuesday
1999-11-30 14:44:00,1999-12,T-Mobile,sms,mobile,1.0,1999-11-30,14:44:00,1999,November,Tuesday
1999-11-30 14:51:00,1999-12,T-Mobile,call,mobile,4.0,1999-11-30,14:51:00,1999,November,Tuesday
1999-12-01 06:58:00,1999-12,Plus,data,data,34.5,1999-12-01,06:58:00,1999,December,Wednesday
1999-12-01 12:51:00,1999-12,T-Mobile,sms,mobile,1.0,1999-12-01,12:51:00,1999,December,Wednesday
1999-12-01 12:59:00,1999-12,T-Mobile,sms,mobile,1.0,1999-12-01,12:59:00,1999,December,Wednesday
1999-12-02 06:58:00,1999-12,Play,data,data,34.5,1999-12-02,06:58:00,1999,December,Thursday
1999-12-02 11:40:00,1999-12,Play,call,mobile,526.0,1999-12-02,11:40:00,1999,December,Thursday
1999-12-03 06:58:00,1999-12,Play,data,data,34.5,1999-12-03,06:58:00,1999,December,Friday
1999-12-03 15:01:00,1999-12,landline,call,landline,844.0,1999-12-03,15:01:00,1999,December,Friday
1999-12-03 18:10:00,1999-12,Plus,call,mobile,383.0,1999-12-03,18:10:00,1999,December,Friday
1999-12-04 06:58:00,1999-12,Play,data,data,34.5,1999-12-04,06:58:00,1999,December,Saturday
1999-12-04 13:52:00,1999-12,Orange,call,mobile,6.0,1999-12-04,13:52:00,1999,December,Saturday
1999-12-04 15:34:00,1999-12,T-Mobile,call,mobile,37.0,1999-12-04,15:34:00,1999,December,Saturday
1999-12-04 16:02:00,1999-12,Play,call,mobile,15.0,1999-12-04,16:02:00,1999,December,Saturday
1999-12-04 23:41:00,1999-12,T-Mobile,call,voicemail,71.0,1999-12-04,23:41:00,1999,December,Saturday
1999-12-05 06:58:00,1999-12,Play,data,data,34.5,1999-12-05,06:58:00,1999,December,Sunday
1999-12-05 16:49:00,1999-12,landline,call,landline,465.0,1999-12-05,16:49:00,1999,December,Sunday
1999-12-05 18:17:00,1999-12,Plus,call,mobile,153.0,1999-12-05,18:17:00,1999,December,Sunday
1999-12-05 18:25:00,1999-12,T-Mobile,call,mobile,826.0,1999-12-05,18:25:00,1999,December,Sunday
1999-12-06 06:58:00,1999-12,Play,data,data,34.5,1999-12-06,06:58:00,1999,December,Monday
1999-12-06 11:33:00,1999-12,Play,call,mobile,442.0,1999-12-06,11:33:00,1999,December,Monday
1999-12-06 18:25:00,1999-12,Orange,sms,mobile,1.0,1999-12-06,18:25:00,1999,December,Monday
1999-12-06 18:26:00,1999-12,Plus,sms,mobile,1.0,1999-12-06,18:26:00,1999,December,Monday
1999-12-06 18:26:00,1999-12,Orange,sms,mobile,1.0,1999-12-06,18:26:00,1999,December,Monday
1999-12-06 18:27:00,1999-12,AT&T,sms,international,1.0,1999-12-06,18:27:00,1999,December,Monday
1999-12-06 18:28:00,1999-12,AT&T,sms,international,1.0,1999-12-06,18:28:00,1999,December,Monday
1999-12-06 19:40:00,1999-12,Play,call,mobile,191.0,1999-12-06,19:40:00,1999,December,Monday
1999-12-07 06:58:00,1999-12,Play,data,data,34.5,1999-12-07,06:58:00,1999,December,Tuesday
1999-12-07 13:03:00,1999-12,T-Mobile,call,voicemail,99.0,1999-12-07,13:03:00,1999,December,Tuesday
1999-12-07 13:45:00,1999-12,T-Mobile,call,mobile,428.0,1999-12-07,13:45:00,1999,December,Tuesday
1999-12-07 14:39:00,1999-12,T-Mobile,call,mobile,3.0,1999-12-07,14:39:00,1999,December,Tuesday
1999-12-07 20:23:00,1999-12,T-Mobile,call,mobile,727.0,1999-12-07,20:23:00,1999,December,Tuesday
1999-12-07 20:36:00,1999-12,Plus,call,mobile,33.0,1999-12-07,20:36:00,1999,December,Tuesday
1999-12-07 20:37:00,1999-12,T-Mobile,call,mobile,120.0,1999-12-07,20:37:00,1999,December,Tuesday
1999-12-07 23:22:00,1999-12,AT&T,sms,international,1.0,1999-12-07,23:22:00,1999,December,Tuesday
1999-12-07 23:22:00,1999-12,AT&T,sms,international,1.0,1999-12-07,23:22:00,1999,December,Tuesday
1999-12-08 06:58:00,1999-12,Play,data,data,34.5,1999-12-08,06:58:00,1999,December,Wednesday
1999-12-08 17:38:00,1999-12,Play,call,mobile,55.0,1999-12-08,17:38:00,1999,December,Wednesday
1999-12-09 06:58:00,1999-12,Play,data,data,34.5,1999-12-09,06:58:00,1999,December,Thursday
1999-12-09 18:32:00,1999-12,Plus,call,mobile,28.0,1999-12-09,18:32:00,1999,December,Thursday
1999-12-10 06:58:00,1999-12,Plus,data,data,34.5,1999-12-10,06:58:00,1999,December,Friday
1999-12-11 06:58:00,1999-12,Plus,data,data,34.5,1999-12-11,06:58:00,1999,December,Saturday
1999-12-12 06:58:00,1999-12,Plus,data,data,34.5,1999-12-12,06:58:00,1999,December,Sunday
1999-12-12 11:00:00,1999-12,Orange,call,mobile,112.0,1999-12-12,11:00:00,1999,December,Sunday
1999-12-12 18:14:00,1999-12,Orange,call,mobile,52.0,1999-12-12,18:14:00,1999,December,Sunday
1999-12-13 06:58:00,2000-01,Plus,data,data,34.5,1999-12-13,06:58:00,1999,December,Monday
1999-12-13 14:56:00,1999-12,T-Mobile,call,mobile,223.0,1999-12-13,14:56:00,1999,December,Monday
1999-12-14 02:05:00,1999-12,landline,call,landline,14.0,1999-12-14,02:05:00,1999,December,Tuesday
1999-12-14 02:07:00,1999-12,landline,call,landline,8.0,1999-12-14,02:07:00,1999,December,Tuesday
1999-12-14 02:09:00,1999-12,landline,call,landline,74.0,1999-12-14,02:09:00,1999,December,Tuesday
1999-12-14 06:58:00,2000-01,Plus,data,data,34.5,1999-12-14,06:58:00,1999,December,Tuesday
1999-12-14 15:28:00,1999-12,Play,call,voicemail,59.0,1999-12-14,15:28:00,1999,December,Tuesday
1999-12-14 19:54:00,1999-12,T-Mobile,call,mobile,25.0,1999-12-14,19:54:00,1999,December,Tuesday
1999-12-15 06:58:00,2000-01,Plus,data,data,34.5,1999-12-15,06:58:00,1999,December,Wednesday
1999-12-15 19:56:00,2000-01,T-Mobile,sms,mobile,1.0,1999-12-15,19:56:00,1999,December,Wednesday
1999-12-15 19:58:00,2000-01,T-Mobile,sms,mobile,1.0,1999-12-15,19:58:00,1999,December,Wednesday
1999-12-15 20:03:00,2000-01,T-Mobile,call,mobile,4.0,1999-12-15,20:03:00,1999,December,Wednesday
1999-12-15 20:10:00,2000-01,Orange,sms,mobile,1.0,1999-12-15,20:10:00,1999,December,Wednesday
1999-12-15 20:10:00,2000-01,T-Mobile,sms,mobile,1.0,1999-12-15,20:10:00,1999,December,Wednesday
1999-12-15 23:12:00,2000-01,T-Mobile,sms,mobile,1.0,1999-12-15,23:12:00,1999,December,Wednesday
1999-12-16 06:58:00,2000-01,Plus,data,data,34.5,1999-12-16,06:58:00,1999,December,Thursday
1999-12-17 06:58:00,2000-01,Plus,data,data,34.5,1999-12-17,06:58:00,1999,December,Friday
1999-12-17 18:08:00,2000-01,Orange,call,mobile,1859.0,1999-12-17,18:08:00,1999,December,Friday
1999-12-17 23:26:00,2000-01,Orange,sms,mobile,1.0,1999-12-17,23:26:00,1999,December,Friday
1999-12-18 06:58:00,2000-01,Plus,data,data,34.5,1999-12-18,06:58:00,1999,December,Saturday
1999-12-18 12:36:00,2000-01,T-Mobile,call,mobile,61.0,1999-12-18,12:36:00,1999,December,Saturday
1999-12-18 15:46:00,2000-01,Play,call,mobile,268.0,1999-12-18,15:46:00,1999,December,Saturday
1999-12-18 15:57:00,2000-01,Play,call,mobile,192.0,1999-12-18,15:57:00,1999,December,Saturday
1999-12-18 16:10:00,2000-01,Play,call,mobile,14.0,1999-12-18,16:10:00,1999,December,Saturday
1999-12-18 17:54:00,2000-01,T-Mobile,call,mobile,17.0,1999-12-18,17:54:00,1999,December,Saturday
1999-12-18 19:05:00,2000-01,Plus,call,mobile,46.0,1999-12-18,19:05:00,1999,December,Saturday
1999-12-18 21:58:00,2000-01,Play,call,mobile,4.0,1999-12-18,21:58:00,1999,December,Saturday
1999-12-18 21:59:00,2000-01,Play,call,mobile,4.0,1999-12-18,21:59:00,1999,December,Saturday
1999-12-19 06:58:00,2000-01,Plus,data,data,34.5,1999-12-19,06:58:00,1999,December,Sunday
1999-12-19 08:57:00,2000-01,Orange,sms,mobile,1.0,1999-12-19,08:57:00,1999,December,Sunday
1999-12-19 10:14:00,2000-01,T-Mobile,call,mobile,41.0,1999-12-19,10:14:00,1999,December,Sunday
1999-12-19 12:40:00,2000-01,T-Mobile,call,mobile,3.0,1999-12-19,12:40:00,1999,December,Sunday
1999-12-19 12:41:00,2000-01,Plus,call,mobile,217.0,1999-12-19,12:41:00,1999,December,Sunday
1999-12-19 12:41:00,2000-01,T-Mobile,call,mobile,18.0,1999-12-19,12:41:00,1999,December,Sunday
1999-12-19 14:48:00,2000-01,Play,call,mobile,58.0,1999-12-19,14:48:00,1999,December,Sunday
1999-12-19 16:49:00,2000-01,Plus,call,mobile,48.0,1999-12-19,16:49:00,1999,December,Sunday
1999-12-19 16:51:00,2000-01,Plus,call,mobile,543.0,1999-12-19,16:51:00,1999,December,Sunday
1999-12-19 17:00:00,2000-01,T-Mobile,call,mobile,131.0,1999-12-19,17:00:00,1999,December,Sunday
1999-12-19 18:44:00,2000-01,Orange,sms,mobile,1.0,1999-12-19,18:44:00,1999,December,Sunday
1999-12-20 06:58:00,2000-01,Plus,data,data,34.5,1999-12-20,06:58:00,1999,December,Monday
1999-12-20 14:39:00,2000-01,Plus,sms,mobile,1.0,1999-12-20,14:39:00,1999,December,Monday
1999-12-20 15:20:00,2000-01,Plus,sms,mobile,1.0,1999-12-20,15:20:00,1999,December,Monday
1999-12-20 15:53:00,2000-01,Play,call,mobile,553.0,1999-12-20,15:53:00,1999,December,Monday
1999-12-20 16:09:00,2000-01,Plus,sms,mobile,1.0,1999-12-20,16:09:00,1999,December,Monday
1999-12-21 00:05:00,2000-01,Play,call,mobile,54.0,1999-12-21,00:05:00,1999,December,Tuesday
1999-12-21 06:58:00,2000-01,T-Mobile,data,data,34.5,1999-12-21,06:58:00,1999,December,Tuesday
1999-12-22 06:58:00,2000-01,T-Mobile,data,data,34.5,1999-12-22,06:58:00,1999,December,Wednesday
1999-12-22 10:42:00,2000-01,Plus,call,mobile,489.0,1999-12-22,10:42:00,1999,December,Wednesday
1999-12-22 11:22:00,2000-01,Orange,sms,mobile,1.0,1999-12-22,11:22:00,1999,December,Wednesday
1999-12-22 11:22:00,2000-01,Play,sms,mobile,1.0,1999-12-22,11:22:00,1999,December,Wednesday
1999-12-22 13:33:00,2000-01,Orange,call,mobile,46.0,1999-12-22,13:33:00,1999,December,Wednesday
1999-12-22 14:09:00,2000-01,Orange,sms,mobile,1.0,1999-12-22,14:09:00,1999,December,Wednesday
1999-12-22 14:15:00,2000-01,Orange,call,mobile,47.0,1999-12-22,14:15:00,1999,December,Wednesday
1999-12-22 18:03:00,2000-01,Orange,sms,mobile,1.0,1999-12-22,18:03:00,1999,December,Wednesday
1999-12-22 18:03:00,2000-01,Orange,sms,mobile,1.0,1999-12-22,18:03:00,1999,December,Wednesday
1999-12-22 18:03:00,2000-01,Orange,sms,mobile,1.0,1999-12-22,18:03:00,1999,December,Wednesday
1999-12-22 19:10:00,2000-01,Orange,sms,mobile,1.0,1999-12-22,19:10:00,1999,December,Wednesday
1999-12-22 19:12:00,2000-01,Plus,call,mobile,566.0,1999-12-22,19:12:00,1999,December,Wednesday
1999-12-22 19:35:00,2000-01,Play,sms,mobile,1.0,1999-12-22,19:35:00,1999,December,Wednesday
1999-12-22 19:36:00,2000-01,Play,sms,mobile,1.0,1999-12-22,19:36:00,1999,December,Wednesday
1999-12-22 23:12:00,2000-01,T-Mobile,call,mobile,956.0,1999-12-22,23:12:00,1999,December,Wednesday
1999-12-23 00:57:00,2000-01,Plus,call,mobile,55.0,1999-12-23,00:57:00,1999,December,Thursday
1999-12-23 06:58:00,2000-01,T-Mobile,data,data,34.5,1999-12-23,06:58:00,1999,December,Thursday
1999-12-23 09:17:00,2000-01,Play,call,voicemail,145.0,1999-12-23,09:17:00,1999,December,Thursday
1999-12-23 11:03:00,2000-01,landline,call,landline,40.0,1999-12-23,11:03:00,1999,December,Thursday
1999-12-23 12:49:00,2000-01,T-Mobile,call,mobile,449.0,1999-12-23,12:49:00,1999,December,Thursday
1999-12-23 15:39:00,2000-01,Orange,sms,mobile,1.0,1999-12-23,15:39:00,1999,December,Thursday
1999-12-23 15:40:00,2000-01,landline,call,landline,37.0,1999-12-23,15:40:00,1999,December,Thursday
1999-12-23 15:43:00,2000-01,Orange,sms,mobile,1.0,1999-12-23,15:43:00,1999,December,Thursday
1999-12-23 19:45:00,2000-01,Play,call,voicemail,39.0,1999-12-23,19:45:00,1999,December,Thursday
1999-12-23 20:02:00,2000-01,landline,call,landline,28.0,1999-12-23,20:02:00,1999,December,Thursday
1999-12-23 21:06:00,2000-01,Orange,sms,mobile,1.0,1999-12-23,21:06:00,1999,December,Thursday
1999-12-24 06:58:00,2000-01,T-Mobile,data,data,34.5,1999-12-24,06:58:00,1999,December,Friday
1999-12-24 13:22:00,2000-01,T-Mobile,call,mobile,4.0,1999-12-24,13:22:00,1999,December,Friday
1999-12-24 13:29:00,2000-01,Plus,call,mobile,234.0,1999-12-24,13:29:00,1999,December,Friday
1999-12-24 13:56:00,2000-01,T-Mobile,call,mobile,165.0,1999-12-24,13:56:00,1999,December,Friday
1999-12-24 13:56:00,2000-01,T-Mobile,call,mobile,3.0,1999-12-24,13:56:00,1999,December,Friday
1999-12-24 17:06:00,2000-01,Orange,sms,mobile,1.0,1999-12-24,17:06:00,1999,December,Friday
1999-12-24 17:07:00,2000-01,Orange,call,mobile,37.0,1999-12-24,17:07:00,1999,December,Friday
1999-12-24 18:44:00,2000-01,Play,call,mobile,5.0,1999-12-24,18:44:00,1999,December,Friday
1999-12-24 20:44:00,2000-01,Play,call,mobile,4.0,1999-12-24,20:44:00,1999,December,Friday
1999-12-24 23:34:00,2000-01,T-Mobile,sms,mobile,1.0,1999-12-24,23:34:00,1999,December,Friday
1999-12-25 06:58:00,2000-01,Orange,data,data,34.5,1999-12-25,06:58:00,1999,December,Saturday
1999-12-25 12:27:00,2000-01,Orange,sms,mobile,1.0,1999-12-25,12:27:00,1999,December,Saturday
1999-12-26 06:58:00,2000-01,Orange,data,data,34.5,1999-12-26,06:58:00,1999,December,Sunday
1999-12-26 11:09:00,2000-01,Plus,call,voicemail,101.0,1999-12-26,11:09:00,1999,December,Sunday
1999-12-26 11:48:00,2000-01,Orange,sms,mobile,1.0,1999-12-26,11:48:00,1999,December,Sunday
1999-12-27 06:58:00,2000-01,Play,data,data,34.5,1999-12-27,06:58:00,1999,December,Monday
1999-12-27 22:30:00,2000-01,Play,sms,mobile,1.0,1999-12-27,22:30:00,1999,December,Monday
1999-12-27 22:30:00,2000-01,Play,sms,mobile,1.0,1999-12-27,22:30:00,1999,December,Monday
1999-12-27 22:30:00,2000-01,Play,sms,mobile,1.0,1999-12-27,22:30:00,1999,December,Monday
1999-12-27 22:30:00,2000-01,Play,sms,mobile,1.0,1999-12-27,22:30:00,1999,December,Monday
1999-12-28 06:58:00,2000-01,Plus,data,data,34.5,1999-12-28,06:58:00,1999,December,Tuesday
1999-12-29 06:58:00,2000-01,Plus,data,data,34.5,1999-12-29,06:58:00,1999,December,Wednesday
1999-12-29 12:09:00,2000-01,Plus,call,mobile,368.0,1999-12-29,12:09:00,1999,December,Wednesday
1999-12-30 06:58:00,2000-01,Plus,data,data,34.5,1999-12-30,06:58:00,1999,December,Thursday
1999-12-30 11:57:00,2000-01,T-Mobile,sms,mobile,1.0,1999-12-30,11:57:00,1999,December,Thursday
1999-12-30 11:57:00,2000-01,T-Mobile,sms,mobile,1.0,1999-12-30,11:57:00,1999,December,Thursday
1999-12-30 12:01:00,2000-01,T-Mobile,sms,mobile,1.0,1999-12-30,12:01:00,1999,December,Thursday
1999-12-30 12:01:00,2000-01,T-Mobile,sms,mobile,1.0,1999-12-30,12:01:00,1999,December,Thursday
1999-12-30 12:02:00,2000-01,T-Mobile,sms,mobile,1.0,1999-12-30,12:02:00,1999,December,Thursday
1999-12-30 12:03:00,2000-01,T-Mobile,sms,mobile,1.0,1999-12-30,12:03:00,1999,December,Thursday
1999-12-30 12:04:00,2000-01,T-Mobile,sms,mobile,1.0,1999-12-30,12:04:00,1999,December,Thursday
1999-12-30 12:04:00,2000-01,T-Mobile,sms,mobile,1.0,1999-12-30,12:04:00,1999,December,Thursday
1999-12-30 12:05:00,2000-01,T-Mobile,sms,mobile,1.0,1999-12-30,12:05:00,1999,December,Thursday
1999-12-30 12:05:00,2000-01,T-Mobile,sms,mobile,1.0,1999-12-30,12:05:00,1999,December,Thursday
1999-12-30 12:05:00,2000-01,T-Mobile,sms,mobile,1.0,1999-12-30,12:05:00,1999,December,Thursday
1999-12-30 12:05:00,2000-01,T-Mobile,sms,mobile,1.0,1999-12-30,12:05:00,1999,December,Thursday
1999-12-30 12:06:00,2000-01,T-Mobile,sms,mobile,1.0,1999-12-30,12:06:00,1999,December,Thursday
1999-12-30 12:10:00,2000-01,T-Mobile,sms,mobile,1.0,1999-12-30,12:10:00,1999,December,Thursday
1999-12-30 12:10:00,2000-01,T-Mobile,sms,mobile,1.0,1999-12-30,12:10:00,1999,December,Thursday
1999-12-30 12:10:00,2000-01,T-Mobile,sms,mobile,1.0,1999-12-30,12:10:00,1999,December,Thursday
1999-12-30 12:13:00,2000-01,T-Mobile,sms,mobile,1.0,1999-12-30,12:13:00,1999,December,Thursday
1999-12-30 12:14:00,2000-01,T-Mobile,sms,mobile,1.0,1999-12-30,12:14:00,1999,December,Thursday
1999-12-30 12:14:00,2000-01,T-Mobile,sms,mobile,1.0,1999-12-30,12:14:00,1999,December,Thursday
1999-12-31 06:58:00,2000-01,Play,data,data,34.5,1999-12-31,06:58:00,1999,December,Friday
1999-12-31 13:00:00,2000-01,Play,call,mobile,5.0,1999-12-31,13:00:00,1999,December,Friday
1999-12-31 13:03:00,2000-01,Play,call,mobile,358.0,1999-12-31,13:03:00,1999,December,Friday
1999-12-31 13:49:00,2000-01,landline,call,landline,526.0,1999-12-31,13:49:00,1999,December,Friday
1999-12-31 23:05:00,2000-01,Orange,sms,mobile,1.0,1999-12-31,23:05:00,1999,December,Friday
1999-12-31 23:37:00,2000-01,Orange,sms,mobile,1.0,1999-12-31,23:37:00,1999,December,Friday
1999-12-31 23:37:00,2000-01,Orange,sms,mobile,1.0,1999-12-31,23:37:00,1999,December,Friday
1999-12-31 23:37:00,2000-01,Orange,sms,mobile,1.0,1999-12-31,23:37:00,1999,December,Friday
2000-01-01 06:58:00,2000-01,Play,data,data,34.5,2000-01-01,06:58:00,2000,January,Saturday
2000-01-02 06:58:00,2000-01,Play,data,data,34.5,2000-01-02,06:58:00,2000,January,Sunday
2000-01-02 11:27:00,2000-01,Orange,call,mobile,640.0,2000-01-02,11:27:00,2000,January,Sunday
2000-01-02 23:26:00,2000-01,Play,sms,mobile,1.0,2000-01-02,23:26:00,2000,January,Sunday
2000-01-02 23:28:00,2000-01,Play,sms,mobile,1.0,2000-01-02,23:28:00,2000,January,Sunday
2000-01-03 06:58:00,2000-01,Orange,data,data,34.5,2000-01-03,06:58:00,2000,January,Monday
2000-01-03 12:01:00,2000-01,Orange,call,mobile,158.0,2000-01-03,12:01:00,2000,January,Monday
2000-01-04 00:57:00,2000-01,T-Mobile,call,mobile,104.0,2000-01-04,00:57:00,2000,January,Tuesday
2000-01-04 06:58:00,2000-01,T-Mobile,data,data,34.5,2000-01-04,06:58:00,2000,January,Tuesday
2000-01-04 14:20:00,2000-01,Orange,call,mobile,3.0,2000-01-04,14:20:00,2000,January,Tuesday
2000-01-04 14:31:00,2000-01,Orange,call,mobile,6.0,2000-01-04,14:31:00,2000,January,Tuesday
2000-01-04 14:32:00,2000-01,Orange,call,mobile,41.0,2000-01-04,14:32:00,2000,January,Tuesday
2000-01-05 06:58:00,2000-01,T-Mobile,data,data,34.5,2000-01-05,06:58:00,2000,January,Wednesday
2000-01-05 09:49:00,2000-01,landline,call,landline,56.0,2000-01-05,09:49:00,2000,January,Wednesday
2000-01-05 09:51:00,2000-01,landline,call,landline,128.0,2000-01-05,09:51:00,2000,January,Wednesday
2000-01-05 10:10:00,2000-01,T-Mobile,call,mobile,77.0,2000-01-05,10:10:00,2000,January,Wednesday
2000-01-05 10:25:00,2000-01,T-Mobile,call,mobile,5.0,2000-01-05,10:25:00,2000,January,Wednesday
2000-01-05 10:25:00,2000-01,T-Mobile,sms,mobile,1.0,2000-01-05,10:25:00,2000,January,Wednesday
2000-01-05 10:52:00,2000-01,T-Mobile,sms,mobile,1.0,2000-01-05,10:52:00,2000,January,Wednesday
2000-01-05 10:56:00,2000-01,landline,call,landline,144.0,2000-01-05,10:56:00,2000,January,Wednesday
2000-01-05 11:58:00,2000-01,Play,call,mobile,99.0,2000-01-05,11:58:00,2000,January,Wednesday
2000-01-05 14:29:00,2000-01,landline,call,landline,60.0,2000-01-05,14:29:00,2000,January,Wednesday
2000-01-05 16:41:00,2000-01,T-Mobile,call,mobile,682.0,2000-01-05,16:41:00,2000,January,Wednesday
2000-01-05 17:22:00,2000-01,Plus,call,mobile,36.0,2000-01-05,17:22:00,2000,January,Wednesday
2000-01-05 20:23:00,2000-01,T-Mobile,call,mobile,734.0,2000-01-05,20:23:00,2000,January,Wednesday
2000-01-06 06:58:00,2000-01,T-Mobile,data,data,34.5,2000-01-06,06:58:00,2000,January,Thursday
2000-01-06 09:04:00,2000-01,T-Mobile,sms,mobile,1.0,2000-01-06,09:04:00,2000,January,Thursday
2000-01-06 09:04:00,2000-01,T-Mobile,sms,mobile,1.0,2000-01-06,09:04:00,2000,January,Thursday
2000-01-06 13:28:00,2000-01,Play,call,mobile,16.0,2000-01-06,13:28:00,2000,January,Thursday
2000-01-06 13:29:00,2000-01,Orange,call,mobile,295.0,2000-01-06,13:29:00,2000,January,Thursday
2000-01-06 13:55:00,2000-01,Orange,sms,mobile,1.0,2000-01-06,13:55:00,2000,January,Thursday
2000-01-06 19:17:00,2000-01,Play,call,mobile,106.0,2000-01-06,19:17:00,2000,January,Thursday
2000-01-06 20:40:00,2000-01,Orange,call,mobile,29.0,2000-01-06,20:40:00,2000,January,Thursday
2000-01-07 06:58:00,2000-01,Play,data,data,34.5,2000-01-07,06:58:00,2000,January,Friday
2000-01-07 09:28:00,2000-01,Orange,sms,mobile,1.0,2000-01-07,09:28:00,2000,January,Friday
2000-01-07 21:20:00,2000-01,Orange,sms,mobile,1.0,2000-01-07,21:20:00,2000,January,Friday
2000-01-07 21:20:00,2000-01,Orange,sms,mobile,1.0,2000-01-07,21:20:00,2000,January,Friday
2000-01-08 06:58:00,2000-01,Play,data,data,34.5,2000-01-08,06:58:00,2000,January,Saturday
2000-01-08 15:02:00,2000-01,Play,call,mobile,4.0,2000-01-08,15:02:00,2000,January,Saturday
2000-01-08 15:10:00,2000-01,Play,call,mobile,3.0,2000-01-08,15:10:00,2000,January,Saturday
2000-01-08 15:10:00,2000-01,Play,call,mobile,23.0,2000-01-08,15:10:00,2000,January,Saturday
2000-01-08 20:15:00,2000-01,Plus,call,mobile,290.0,2000-01-08,20:15:00,2000,January,Saturday
2000-01-08 20:26:00,2000-01,Orange,sms,mobile,1.0,2000-01-08,20:26:00,2000,January,Saturday
2000-01-08 20:30:00,2000-01,Plus,call,mobile,12.0,2000-01-08,20:30:00,2000,January,Saturday
2000-01-08 20:31:00,2000-01,T-Mobile,call,mobile,1247.0,2000-01-08,20:31:00,2000,January,Saturday
2000-01-08 22:41:00,2000-01,Orange,sms,mobile,1.0,2000-01-08,22:41:00,2000,January,Saturday
2000-01-08 22:41:00,2000-01,Orange,sms,mobile,1.0,2000-01-08,22:41:00,2000,January,Saturday
2000-01-08 22:52:00,2000-01,Orange,sms,mobile,1.0,2000-01-08,22:52:00,2000,January,Saturday
2000-01-08 22:52:00,2000-01,Orange,sms,mobile,1.0,2000-01-08,22:52:00,2000,January,Saturday
2000-01-08 23:06:00,2000-01,Orange,sms,mobile,1.0,2000-01-08,23:06:00,2000,January,Saturday
2000-01-08 23:06:00,2000-01,Orange,sms,mobile,1.0,2000-01-08,23:06:00,2000,January,Saturday
2000-01-09 06:58:00,2000-01,Orange,data,data,34.5,2000-01-09,06:58:00,2000,January,Sunday
2000-01-09 09:25:00,2000-01,Play,sms,mobile,1.0,2000-01-09,09:25:00,2000,January,Sunday
2000-01-09 09:43:00,2000-01,T-Mobile,call,mobile,33.0,2000-01-09,09:43:00,2000,January,Sunday
2000-01-09 10:07:00,2000-01,Orange,call,mobile,4.0,2000-01-09,10:07:00,2000,January,Sunday
2000-01-09 17:32:00,2000-01,Orange,call,mobile,57.0,2000-01-09,17:32:00,2000,January,Sunday
2000-01-10 06:58:00,2000-01,Orange,data,data,34.5,2000-01-10,06:58:00,2000,January,Monday
2000-01-10 14:10:00,2000-01,T-Mobile,call,mobile,2.0,2000-01-10,14:10:00,2000,January,Monday
2000-01-10 14:36:00,2000-01,Orange,call,mobile,6.0,2000-01-10,14:36:00,2000,January,Monday
2000-01-10 14:44:00,2000-01,Orange,call,mobile,398.0,2000-01-10,14:44:00,2000,January,Monday
2000-01-10 15:58:00,2000-01,Play,call,mobile,412.0,2000-01-10,15:58:00,2000,January,Monday
2000-01-10 16:57:00,2000-01,T-Mobile,call,mobile,568.0,2000-01-10,16:57:00,2000,January,Monday
2000-01-10 21:16:00,2000-01,Orange,sms,mobile,1.0,2000-01-10,21:16:00,2000,January,Monday
2000-01-10 21:16:00,2000-01,Orange,sms,mobile,1.0,2000-01-10,21:16:00,2000,January,Monday
2000-01-11 06:58:00,2000-01,Play,data,data,34.5,2000-01-11,06:58:00,2000,January,Tuesday
2000-01-11 13:29:00,2000-01,Orange,sms,mobile,1.0,2000-01-11,13:29:00,2000,January,Tuesday
2000-01-11 13:54:00,2000-01,T-Mobile,call,mobile,201.0,2000-01-11,13:54:00,2000,January,Tuesday
2000-01-12 06:58:00,2000-01,Play,data,data,34.5,2000-01-12,06:58:00,2000,January,Wednesday
2000-01-12 12:01:00,2000-01,Play,call,mobile,18.0,2000-01-12,12:01:00,2000,January,Wednesday
2000-01-12 12:01:00,2000-01,Play,call,mobile,7.0,2000-01-12,12:01:00,2000,January,Wednesday
2000-01-12 18:23:00,2000-01,T-Mobile,call,mobile,4.0,2000-01-12,18:23:00,2000,January,Wednesday
2000-01-12 18:26:00,2000-01,Orange,sms,mobile,1.0,2000-01-12,18:26:00,2000,January,Wednesday
2000-01-12 18:26:00,2000-01,Orange,sms,mobile,1.0,2000-01-12,18:26:00,2000,January,Wednesday
2000-01-13 06:58:00,2000-02,T-Mobile,data,data,34.5,2000-01-13,06:58:00,2000,January,Thursday
2000-01-13 15:04:00,2000-01,T-Mobile,call,mobile,503.0,2000-01-13,15:04:00,2000,January,Thursday
2000-01-13 19:09:00,2000-01,T-Mobile,sms,mobile,1.0,2000-01-13,19:09:00,2000,January,Thursday
2000-01-13 19:44:00,2000-01,T-Mobile,sms,mobile,1.0,2000-01-13,19:44:00,2000,January,Thursday
2000-01-13 19:44:00,2000-01,T-Mobile,sms,mobile,1.0,2000-01-13,19:44:00,2000,January,Thursday
2000-01-13 19:57:00,2000-01,Orange,sms,mobile,1.0,2000-01-13,19:57:00,2000,January,Thursday
2000-01-13 19:57:00,2000-01,Orange,sms,mobile,1.0,2000-01-13,19:57:00,2000,January,Thursday
2000-01-13 19:58:00,2000-01,landline,call,landline,105.0,2000-01-13,19:58:00,2000,January,Thursday
2000-01-13 20:00:00,2000-01,landline,call,landline,466.0,2000-01-13,20:00:00,2000,January,Thursday
2000-01-14 06:58:00,2000-02,Play,data,data,34.5,2000-01-14,06:58:00,2000,January,Friday
2000-01-14 17:15:00,2000-01,landline,call,landline,13.0,2000-01-14,17:15:00,2000,January,Friday
2000-01-14 19:16:00,2000-01,T-Mobile,call,mobile,397.0,2000-01-14,19:16:00,2000,January,Friday
2000-01-14 20:47:00,2000-01,T-Mobile,call,mobile,36.0,2000-01-14,20:47:00,2000,January,Friday
2000-01-14 23:34:00,2000-01,Orange,sms,mobile,1.0,2000-01-14,23:34:00,2000,January,Friday
2000-01-14 23:34:00,2000-01,Orange,sms,mobile,1.0,2000-01-14,23:34:00,2000,January,Friday
2000-01-14 23:35:00,2000-01,T-Mobile,sms,mobile,1.0,2000-01-14,23:35:00,2000,January,Friday
2000-01-14 23:36:00,2000-01,T-Mobile,sms,mobile,1.0,2000-01-14,23:36:00,2000,January,Friday
2000-01-15 06:58:00,2000-02,Play,data,data,34.5,2000-01-15,06:58:00,2000,January,Saturday
2000-01-15 10:36:00,2000-02,T-Mobile,call,mobile,28.0,2000-01-15,10:36:00,2000,January,Saturday
2000-01-15 12:23:00,2000-02,Play,sms,special,1.0,2000-01-15,12:23:00,2000,January,Saturday
2000-01-15 17:22:00,2000-02,Plus,call,mobile,168.0,2000-01-15,17:22:00,2000,January,Saturday
2000-01-16 06:58:00,2000-02,T-Mobile,data,data,34.5,2000-01-16,06:58:00,2000,January,Sunday
2000-01-16 09:45:00,2000-02,Play,call,mobile,1.0,2000-01-16,09:45:00,2000,January,Sunday
2000-01-16 09:56:00,2000-02,Play,call,mobile,61.0,2000-01-16,09:56:00,2000,January,Sunday
2000-01-16 10:17:00,2000-02,T-Mobile,call,mobile,14.0,2000-01-16,10:17:00,2000,January,Sunday
2000-01-16 10:25:00,2000-02,T-Mobile,call,mobile,20.0,2000-01-16,10:25:00,2000,January,Sunday
2000-01-16 17:46:00,2000-02,Plus,call,mobile,411.0,2000-01-16,17:46:00,2000,January,Sunday
2000-01-16 18:07:00,2000-02,Orange,sms,mobile,1.0,2000-01-16,18:07:00,2000,January,Sunday
2000-01-16 18:07:00,2000-02,Orange,sms,mobile,1.0,2000-01-16,18:07:00,2000,January,Sunday
2000-01-16 18:07:00,2000-02,Orange,sms,mobile,1.0,2000-01-16,18:07:00,2000,January,Sunday
2000-01-16 18:07:00,2000-02,Orange,sms,mobile,1.0,2000-01-16,18:07:00,2000,January,Sunday
2000-01-16 18:07:00,2000-02,T-Mobile,sms,mobile,1.0,2000-01-16,18:07:00,2000,January,Sunday
2000-01-16 18:07:00,2000-02,T-Mobile,sms,mobile,1.0,2000-01-16,18:07:00,2000,January,Sunday
2000-01-17 06:58:00,2000-02,T-Mobile,data,data,34.5,2000-01-17,06:58:00,2000,January,Monday
2000-01-17 18:50:00,2000-02,T-Mobile,call,mobile,78.0,2000-01-17,18:50:00,2000,January,Monday
2000-01-17 21:59:00,2000-02,Plus,call,mobile,82.0,2000-01-17,21:59:00,2000,January,Monday
2000-01-18 06:58:00,2000-02,T-Mobile,data,data,34.5,2000-01-18,06:58:00,2000,January,Tuesday
2000-01-18 16:27:00,2000-02,T-Mobile,call,mobile,478.0,2000-01-18,16:27:00,2000,January,Tuesday
2000-01-18 17:04:00,2000-02,Plus,call,mobile,700.0,2000-01-18,17:04:00,2000,January,Tuesday
2000-01-19 06:58:00,2000-02,Plus,data,data,34.5,2000-01-19,06:58:00,2000,January,Wednesday
2000-01-19 12:44:00,2000-02,Orange,sms,mobile,1.0,2000-01-19,12:44:00,2000,January,Wednesday
2000-01-19 19:57:00,2000-02,Plus,call,mobile,103.0,2000-01-19,19:57:00,2000,January,Wednesday
2000-01-19 20:08:00,2000-02,Plus,call,mobile,53.0,2000-01-19,20:08:00,2000,January,Wednesday
2000-01-19 20:14:00,2000-02,Plus,call,mobile,38.0,2000-01-19,20:14:00,2000,January,Wednesday
2000-01-20 06:58:00,2000-02,Orange,data,data,34.5,2000-01-20,06:58:00,2000,January,Thursday
2000-01-20 15:08:00,2000-02,Orange,sms,mobile,1.0,2000-01-20,15:08:00,2000,January,Thursday
2000-01-20 19:49:00,2000-02,Orange,sms,mobile,1.0,2000-01-20,19:49:00,2000,January,Thursday
2000-01-20 20:23:00,2000-02,Orange,sms,mobile,1.0,2000-01-20,20:23:00,2000,January,Thursday
2000-01-21 06:58:00,2000-02,T-Mobile,data,data,34.5,2000-01-21,06:58:00,2000,January,Friday
2000-01-21 10:13:00,2000-02,T-Mobile,call,mobile,48.0,2000-01-21,10:13:00,2000,January,Friday
2000-01-21 14:36:00,2000-02,Plus,call,voicemail,93.0,2000-01-21,14:36:00,2000,January,Friday
2000-01-21 14:44:00,2000-02,Orange,sms,mobile,1.0,2000-01-21,14:44:00,2000,January,Friday
2000-01-21 15:56:00,2000-02,Plus,call,voicemail,27.0,2000-01-21,15:56:00,2000,January,Friday
2000-01-21 15:57:00,2000-02,T-Mobile,call,mobile,265.0,2000-01-21,15:57:00,2000,January,Friday
2000-01-21 18:04:00,2000-02,Plus,call,mobile,777.0,2000-01-21,18:04:00,2000,January,Friday
2000-01-21 19:38:00,2000-02,Play,call,mobile,1090.0,2000-01-21,19:38:00,2000,January,Friday
2000-01-21 19:59:00,2000-02,Orange,call,mobile,491.0,2000-01-21,19:59:00,2000,January,Friday
2000-01-22 06:58:00,2000-02,Orange,data,data,34.5,2000-01-22,06:58:00,2000,January,Saturday
2000-01-22 18:59:00,2000-02,Orange,call,voicemail,41.0,2000-01-22,18:59:00,2000,January,Saturday
2000-01-22 19:00:00,2000-02,Orange,call,mobile,1107.0,2000-01-22,19:00:00,2000,January,Saturday
2000-01-23 06:58:00,2000-02,Play,data,data,34.5,2000-01-23,06:58:00,2000,January,Sunday
2000-01-23 12:56:00,2000-02,landline,call,landline,29.0,2000-01-23,12:56:00,2000,January,Sunday
2000-01-23 14:32:00,2000-02,Plus,call,mobile,200.0,2000-01-23,14:32:00,2000,January,Sunday
2000-01-23 15:09:00,2000-02,T-Mobile,call,mobile,129.0,2000-01-23,15:09:00,2000,January,Sunday
2000-01-23 15:22:00,2000-02,Orange,sms,mobile,1.0,2000-01-23,15:22:00,2000,January,Sunday
2000-01-23 15:24:00,2000-02,Orange,sms,mobile,1.0,2000-01-23,15:24:00,2000,January,Sunday
2000-01-23 15:37:00,2000-02,Orange,sms,mobile,1.0,2000-01-23,15:37:00,2000,January,Sunday
2000-01-23 21:22:00,2000-02,Plus,call,mobile,206.0,2000-01-23,21:22:00,2000,January,Sunday
2000-01-24 06:58:00,2000-02,Play,data,data,34.5,2000-01-24,06:58:00,2000,January,Monday
2000-01-25 06:58:00,2000-02,Play,data,data,34.5,2000-01-25,06:58:00,2000,January,Tuesday
2000-01-25 09:16:00,2000-02,Orange,call,mobile,4.0,2000-01-25,09:16:00,2000,January,Tuesday
2000-01-25 16:55:00,2000-02,T-Mobile,call,mobile,1863.0,2000-01-25,16:55:00,2000,January,Tuesday
2000-01-26 06:58:00,2000-02,Play,data,data,34.5,2000-01-26,06:58:00,2000,January,Wednesday
2000-01-26 16:54:00,2000-02,T-Mobile,call,mobile,104.0,2000-01-26,16:54:00,2000,January,Wednesday
2000-01-26 17:15:00,2000-02,T-Mobile,call,mobile,501.0,2000-01-26,17:15:00,2000,January,Wednesday
2000-01-27 06:58:00,2000-02,Plus,data,data,34.5,2000-01-27,06:58:00,2000,January,Thursday
2000-01-27 09:36:00,2000-02,T-Mobile,call,mobile,37.0,2000-01-27,09:36:00,2000,January,Thursday
2000-01-27 10:55:00,2000-02,Play,call,mobile,36.0,2000-01-27,10:55:00,2000,January,Thursday
2000-01-28 06:58:00,2000-02,Plus,data,data,34.5,2000-01-28,06:58:00,2000,January,Friday
2000-01-28 09:44:00,2000-02,Orange,call,mobile,8.0,2000-01-28,09:44:00,2000,January,Friday
2000-01-28 10:02:00,2000-02,landline,call,landline,7.0,2000-01-28,10:02:00,2000,January,Friday
2000-01-28 15:53:00,2000-02,landline,call,landline,272.0,2000-01-28,15:53:00,2000,January,Friday
2000-01-29 06:58:00,2000-02,Plus,data,data,34.5,2000-01-29,06:58:00,2000,January,Saturday
2000-01-29 11:35:00,2000-02,Orange,sms,mobile,1.0,2000-01-29,11:35:00,2000,January,Saturday
2000-01-29 11:50:00,2000-02,Orange,sms,mobile,1.0,2000-01-29,11:50:00,2000,January,Saturday
2000-01-29 17:11:00,2000-02,Plus,call,mobile,255.0,2000-01-29,17:11:00,2000,January,Saturday
2000-01-29 17:19:00,2000-02,Orange,sms,mobile,1.0,2000-01-29,17:19:00,2000,January,Saturday
2000-01-29 17:58:00,2000-02,T-Mobile,call,mobile,362.0,2000-01-29,17:58:00,2000,January,Saturday
2000-01-29 18:05:00,2000-02,Plus,call,mobile,100.0,2000-01-29,18:05:00,2000,January,Saturday
2000-01-29 19:27:00,2000-02,Plus,call,mobile,74.0,2000-01-29,19:27:00,2000,January,Saturday
2000-01-30 06:58:00,2000-02,Orange,data,data,34.5,2000-01-30,06:58:00,2000,January,Sunday
2000-01-30 19:43:00,2000-02,Plus,call,mobile,33.0,2000-01-30,19:43:00,2000,January,Sunday
2000-01-30 19:56:00,2000-02,Plus,call,mobile,45.0,2000-01-30,19:56:00,2000,January,Sunday
2000-01-31 06:58:00,2000-02,Orange,data,data,34.5,2000-01-31,06:58:00,2000,January,Monday
2000-01-31 12:48:00,2000-02,Plus,call,mobile,31.0,2000-01-31,12:48:00,2000,January,Monday
2000-01-31 13:14:00,2000-02,Orange,call,mobile,7.0,2000-01-31,13:14:00,2000,January,Monday
2000-02-01 06:58:00,2000-02,Plus,data,data,34.5,2000-02-01,06:58:00,2000,February,Tuesday
2000-02-01 13:33:00,2000-02,landline,call,landline,103.0,2000-02-01,13:33:00,2000,February,Tuesday
2000-02-02 06:58:00,2000-02,Plus,data,data,34.5,2000-02-02,06:58:00,2000,February,Wednesday
2000-02-02 17:11:00,2000-02,Plus,call,mobile,280.0,2000-02-02,17:11:00,2000,February,Wednesday
2000-02-02 17:16:00,2000-02,Plus,call,mobile,183.0,2000-02-02,17:16:00,2000,February,Wednesday
2000-02-02 17:35:00,2000-02,Plus,sms,mobile,1.0,2000-02-02,17:35:00,2000,February,Wednesday
2000-02-02 17:35:00,2000-02,Plus,sms,mobile,1.0,2000-02-02,17:35:00,2000,February,Wednesday
2000-02-02 17:35:00,2000-02,T-Mobile,sms,mobile,1.0,2000-02-02,17:35:00,2000,February,Wednesday
2000-02-02 17:35:00,2000-02,T-Mobile,sms,mobile,1.0,2000-02-02,17:35:00,2000,February,Wednesday
2000-02-02 18:17:00,2000-02,landline,call,landline,7.0,2000-02-02,18:17:00,2000,February,Wednesday
2000-02-03 06:58:00,2000-02,T-Mobile,data,data,34.5,2000-02-03,06:58:00,2000,February,Thursday
2000-02-03 14:45:00,2000-02,T-Mobile,call,mobile,6.0,2000-02-03,14:45:00,2000,February,Thursday
2000-02-04 06:58:00,2000-02,Plus,data,data,34.5,2000-02-04,06:58:00,2000,February,Friday
2000-02-04 12:36:00,2000-02,Orange,call,voicemail,21.0,2000-02-04,12:36:00,2000,February,Friday
2000-02-04 14:52:00,2000-02,Plus,call,mobile,227.0,2000-02-04,14:52:00,2000,February,Friday
2000-02-04 17:04:00,2000-02,Orange,sms,special,1.0,2000-02-04,17:04:00,2000,February,Friday
2000-02-05 06:58:00,2000-02,Plus,data,data,34.5,2000-02-05,06:58:00,2000,February,Saturday
2000-02-05 13:37:00,2000-02,T-Mobile,call,voicemail,62.0,2000-02-05,13:37:00,2000,February,Saturday
2000-02-05 13:38:00,2000-02,landline,call,landline,91.0,2000-02-05,13:38:00,2000,February,Saturday
2000-02-06 06:58:00,2000-02,Orange,data,data,34.5,2000-02-06,06:58:00,2000,February,Sunday
2000-02-06 10:36:00,2000-02,T-Mobile,call,voicemail,24.0,2000-02-06,10:36:00,2000,February,Sunday
2000-02-06 10:37:00,2000-02,Orange,call,mobile,128.0,2000-02-06,10:37:00,2000,February,Sunday
2000-02-06 18:39:00,2000-02,T-Mobile,call,mobile,23.0,2000-02-06,18:39:00,2000,February,Sunday
2000-02-06 18:41:00,2000-02,T-Mobile,call,mobile,51.0,2000-02-06,18:41:00,2000,February,Sunday
2000-02-07 06:58:00,2000-02,Orange,data,data,34.5,2000-02-07,06:58:00,2000,February,Monday
2000-02-07 09:48:00,2000-02,Orange,sms,mobile,1.0,2000-02-07,09:48:00,2000,February,Monday
2000-02-07 09:48:00,2000-02,Orange,sms,mobile,1.0,2000-02-07,09:48:00,2000,February,Monday
2000-02-07 10:03:00,2000-02,Orange,call,mobile,119.0,2000-02-07,10:03:00,2000,February,Monday
2000-02-07 11:13:00,2000-02,Orange,sms,mobile,1.0,2000-02-07,11:13:00,2000,February,Monday
2000-02-07 11:37:00,2000-02,T-Mobile,call,mobile,4.0,2000-02-07,11:37:00,2000,February,Monday
2000-02-07 15:04:00,2000-02,Orange,sms,mobile,1.0,2000-02-07,15:04:00,2000,February,Monday
2000-02-07 16:06:00,2000-02,T-Mobile,sms,mobile,1.0,2000-02-07,16:06:00,2000,February,Monday
2000-02-07 16:11:00,2000-02,T-Mobile,sms,mobile,1.0,2000-02-07,16:11:00,2000,February,Monday
2000-02-07 16:11:00,2000-02,T-Mobile,sms,mobile,1.0,2000-02-07,16:11:00,2000,February,Monday
2000-02-07 16:16:00,2000-02,T-Mobile,sms,mobile,1.0,2000-02-07,16:16:00,2000,February,Monday
2000-02-07 16:27:00,2000-02,landline,call,landline,141.0,2000-02-07,16:27:00,2000,February,Monday
2000-02-07 17:33:00,2000-02,T-Mobile,call,mobile,795.0,2000-02-07,17:33:00,2000,February,Monday
2000-02-07 17:56:00,2000-02,Plus,call,mobile,121.0,2000-02-07,17:56:00,2000,February,Monday
2000-02-07 18:23:00,2000-02,T-Mobile,call,mobile,2.0,2000-02-07,18:23:00,2000,February,Monday
2000-02-07 22:18:00,2000-02,T-Mobile,sms,mobile,1.0,2000-02-07,22:18:00,2000,February,Monday
2000-02-07 22:30:00,2000-02,T-Mobile,sms,mobile,1.0,2000-02-07,22:30:00,2000,February,Monday
2000-02-07 22:30:00,2000-02,T-Mobile,sms,mobile,1.0,2000-02-07,22:30:00,2000,February,Monday
2000-02-08 06:58:00,2000-02,T-Mobile,data,data,34.5,2000-02-08,06:58:00,2000,February,Tuesday
2000-02-08 20:54:00,2000-02,landline,call,landline,80.0,2000-02-08,20:54:00,2000,February,Tuesday
2000-02-09 06:58:00,2000-02,T-Mobile,data,data,34.5,2000-02-09,06:58:00,2000,February,Wednesday
2000-02-09 09:08:00,2000-02,T-Mobile,call,mobile,653.0,2000-02-09,09:08:00,2000,February,Wednesday
2000-02-09 17:41:00,2000-02,T-Mobile,call,mobile,729.0,2000-02-09,17:41:00,2000,February,Wednesday
2000-02-09 17:54:00,2000-02,T-Mobile,call,mobile,89.0,2000-02-09,17:54:00,2000,February,Wednesday
2000-02-09 18:32:00,2000-02,Orange,sms,mobile,1.0,2000-02-09,18:32:00,2000,February,Wednesday
2000-02-09 22:54:00,2000-02,Play,sms,mobile,1.0,2000-02-09,22:54:00,2000,February,Wednesday
2000-02-10 00:24:00,2000-02,Orange,sms,mobile,1.0,2000-02-10,00:24:00,2000,February,Thursday
2000-02-10 00:24:00,2000-02,Orange,sms,mobile,1.0,2000-02-10,00:24:00,2000,February,Thursday
2000-02-10 06:58:00,2000-02,T-Mobile,data,data,34.5,2000-02-10,06:58:00,2000,February,Thursday
2000-02-10 21:40:00,2000-02,Orange,sms,mobile,1.0,2000-02-10,21:40:00,2000,February,Thursday
2000-02-11 06:58:00,2000-02,Orange,data,data,34.5,2000-02-11,06:58:00,2000,February,Friday
2000-02-12 06:58:00,2000-02,Orange,data,data,34.5,2000-02-12,06:58:00,2000,February,Saturday
2000-02-12 20:15:00,2000-03,landline,call,landline,69.0,2000-02-12,20:15:00,2000,February,Saturday
2000-02-12 20:51:00,2000-03,Plus,call,mobile,86.0,2000-02-12,20:51:00,2000,February,Saturday
2000-02-13 06:58:00,2000-03,Orange,data,data,34.5,2000-02-13,06:58:00,2000,February,Sunday
2000-02-13 10:58:00,2000-03,Orange,call,mobile,451.0,2000-02-13,10:58:00,2000,February,Sunday
2000-02-13 21:13:00,2000-03,Orange,call,mobile,8.0,2000-02-13,21:13:00,2000,February,Sunday
2000-02-14 06:58:00,2000-03,T-Mobile,data,data,34.5,2000-02-14,06:58:00,2000,February,Monday
2000-02-14 15:40:00,2000-03,T-Mobile,call,mobile,106.0,2000-02-14,15:40:00,2000,February,Monday
2000-02-14 16:06:00,2000-03,Plus,call,mobile,148.0,2000-02-14,16:06:00,2000,February,Monday
2000-02-15 06:58:00,2000-03,Plus,data,data,34.5,2000-02-15,06:58:00,2000,February,Tuesday
2000-02-15 18:44:00,2000-03,landline,call,landline,21.0,2000-02-15,18:44:00,2000,February,Tuesday
2000-02-16 06:58:00,2000-03,Play,data,data,34.5,2000-02-16,06:58:00,2000,February,Wednesday
2000-02-17 06:58:00,2000-03,Play,data,data,34.5,2000-02-17,06:58:00,2000,February,Thursday
2000-02-17 15:59:00,2000-03,Play,call,mobile,24.0,2000-02-17,15:59:00,2000,February,Thursday
2000-02-17 19:09:00,2000-03,T-Mobile,call,mobile,2328.0,2000-02-17,19:09:00,2000,February,Thursday
2000-02-18 06:58:00,2000-03,Plus,data,data,34.5,2000-02-18,06:58:00,2000,February,Friday
2000-02-18 18:49:00,2000-03,Plus,call,mobile,165.0,2000-02-18,18:49:00,2000,February,Friday
2000-02-18 19:56:00,2000-03,T-Mobile,call,mobile,94.0,2000-02-18,19:56:00,2000,February,Friday
2000-02-19 06:58:00,2000-03,T-Mobile,data,data,34.5,2000-02-19,06:58:00,2000,February,Saturday
2000-02-19 18:46:00,2000-03,Orange,sms,mobile,1.0,2000-02-19,18:46:00,2000,February,Saturday
2000-02-19 22:00:00,2000-03,Orange,sms,mobile,1.0,2000-02-19,22:00:00,2000,February,Saturday
2000-02-19 22:00:00,2000-03,Orange,sms,mobile,1.0,2000-02-19,22:00:00,2000,February,Saturday
2000-02-19 22:00:00,2000-03,Orange,sms,mobile,1.0,2000-02-19,22:00:00,2000,February,Saturday
2000-02-20 06:58:00,2000-03,T-Mobile,data,data,34.5,2000-02-20,06:58:00,2000,February,Sunday
2000-02-20 13:45:00,2000-03,Orange,call,mobile,68.0,2000-02-20,13:45:00,2000,February,Sunday
2000-02-21 06:58:00,2000-03,Orange,data,data,34.5,2000-02-21,06:58:00,2000,February,Monday
2000-02-22 06:58:00,2000-03,Orange,data,data,34.5,2000-02-22,06:58:00,2000,February,Tuesday
2000-02-23 06:58:00,2000-03,Orange,data,data,34.5,2000-02-23,06:58:00,2000,February,Wednesday
2000-02-23 20:49:00,2000-03,landline,call,landline,182.0,2000-02-23,20:49:00,2000,February,Wednesday
2000-02-24 06:58:00,2000-03,T-Mobile,data,data,34.5,2000-02-24,06:58:00,2000,February,Thursday
2000-02-24 10:05:00,2000-03,T-Mobile,call,voicemail,107.0,2000-02-24,10:05:00,2000,February,Thursday
2000-02-24 13:32:00,2000-03,T-Mobile,sms,mobile,1.0,2000-02-24,13:32:00,2000,February,Thursday
2000-02-24 13:32:00,2000-03,T-Mobile,sms,mobile,1.0,2000-02-24,13:32:00,2000,February,Thursday
2000-02-25 06:58:00,2000-03,Plus,data,data,34.5,2000-02-25,06:58:00,2000,February,Friday
2000-02-25 12:56:00,2000-03,Plus,call,mobile,117.0,2000-02-25,12:56:00,2000,February,Friday
2000-02-25 12:58:00,2000-03,Orange,call,mobile,129.0,2000-02-25,12:58:00,2000,February,Friday
2000-02-25 13:15:00,2000-03,T-Mobile,call,mobile,356.0,2000-02-25,13:15:00,2000,February,Friday
2000-02-25 13:21:00,2000-03,Plus,sms,mobile,1.0,2000-02-25,13:21:00,2000,February,Friday
2000-02-25 13:22:00,2000-03,Plus,sms,mobile,1.0,2000-02-25,13:22:00,2000,February,Friday
2000-02-25 13:22:00,2000-03,Plus,sms,mobile,1.0,2000-02-25,13:22:00,2000,February,Friday
2000-02-25 13:22:00,2000-03,Plus,sms,mobile,1.0,2000-02-25,13:22:00,2000,February,Friday
2000-02-25 13:26:00,2000-03,Plus,call,mobile,194.0,2000-02-25,13:26:00,2000,February,Friday
2000-02-25 13:46:00,2000-03,Plus,call,mobile,229.0,2000-02-25,13:46:00,2000,February,Friday
2000-02-25 15:45:00,2000-03,Orange,call,mobile,32.0,2000-02-25,15:45:00,2000,February,Friday
2000-02-26 06:58:00,2000-03,Orange,data,data,34.5,2000-02-26,06:58:00,2000,February,Saturday
2000-02-26 16:38:00,2000-03,Orange,call,mobile,570.0,2000-02-26,16:38:00,2000,February,Saturday
2000-02-26 22:34:00,2000-03,Plus,call,voicemail,29.0,2000-02-26,22:34:00,2000,February,Saturday
2000-02-27 06:58:00,2000-03,T-Mobile,data,data,34.5,2000-02-27,06:58:00,2000,February,Sunday
2000-02-27 13:50:00,2000-03,T-Mobile,call,mobile,27.0,2000-02-27,13:50:00,2000,February,Sunday
2000-02-27 14:33:00,2000-03,T-Mobile,call,mobile,107.0,2000-02-27,14:33:00,2000,February,Sunday
2000-02-27 14:36:00,2000-03,Orange,call,mobile,128.0,2000-02-27,14:36:00,2000,February,Sunday
2000-02-28 06:58:00,2000-03,T-Mobile,data,data,34.5,2000-02-28,06:58:00,2000,February,Monday
2000-02-28 14:09:00,2000-03,landline,call,landline,335.0,2000-02-28,14:09:00,2000,February,Monday
2000-02-28 14:57:00,2000-03,Play,call,mobile,49.0,2000-02-28,14:57:00,2000,February,Monday
2000-02-28 15:09:00,2000-03,T-Mobile,call,mobile,5.0,2000-02-28,15:09:00,2000,February,Monday
2000-02-28 15:49:00,2000-03,landline,call,landline,305.0,2000-02-28,15:49:00,2000,February,Monday
2000-02-28 16:00:00,2000-03,landline,call,landline,207.0,2000-02-28,16:00:00,2000,February,Monday
2000-02-28 17:13:00,2000-03,landline,call,landline,11.0,2000-02-28,17:13:00,2000,February,Monday
2000-02-28 17:14:00,2000-03,landline,call,landline,3.0,2000-02-28,17:14:00,2000,February,Monday
2000-02-28 17:17:00,2000-03,landline,call,landline,33.0,2000-02-28,17:17:00,2000,February,Monday
2000-02-28 21:25:00,2000-03,T-Mobile,call,mobile,357.0,2000-02-28,21:25:00,2000,February,Monday
2000-02-28 21:55:00,2000-03,Orange,sms,mobile,1.0,2000-02-28,21:55:00,2000,February,Monday
2000-02-28 22:39:00,2000-03,T-Mobile,sms,mobile,1.0,2000-02-28,22:39:00,2000,February,Monday
2000-03-01 06:58:00,2000-03,T-Mobile,data,data,34.5,2000-03-01,06:58:00,2000,March,Wednesday
2000-03-01 12:19:00,2000-03,Play,call,mobile,9.0,2000-03-01,12:19:00,2000,March,Wednesday
2000-03-02 06:58:00,2000-03,Play,data,data,34.5,2000-03-02,06:58:00,2000,March,Thursday
2000-03-02 09:19:00,2000-03,Orange,sms,mobile,1.0,2000-03-02,09:19:00,2000,March,Thursday
2000-03-02 09:19:00,2000-03,Orange,sms,mobile,1.0,2000-03-02,09:19:00,2000,March,Thursday
2000-03-02 09:23:00,2000-03,Orange,sms,mobile,1.0,2000-03-02,09:23:00,2000,March,Thursday
2000-03-02 09:30:00,2000-03,Orange,sms,mobile,1.0,2000-03-02,09:30:00,2000,March,Thursday
2000-03-02 09:30:00,2000-03,Orange,sms,mobile,1.0,2000-03-02,09:30:00,2000,March,Thursday
2000-03-02 13:07:00,2000-03,T-Mobile,call,mobile,463.0,2000-03-02,13:07:00,2000,March,Thursday
2000-03-02 14:53:00,2000-03,Plus,call,voicemail,2.0,2000-03-02,14:53:00,2000,March,Thursday
2000-03-02 14:54:00,2000-03,Plus,call,voicemail,93.0,2000-03-02,14:54:00,2000,March,Thursday
2000-03-02 17:35:00,2000-03,Play,call,mobile,192.0,2000-03-02,17:35:00,2000,March,Thursday
2000-03-02 20:48:00,2000-03,Plus,call,mobile,34.0,2000-03-02,20:48:00,2000,March,Thursday
2000-03-03 06:58:00,2000-03,Plus,data,data,34.5,2000-03-03,06:58:00,2000,March,Friday
2000-03-03 09:57:00,2000-03,landline,call,landline,76.0,2000-03-03,09:57:00,2000,March,Friday
2000-03-03 09:59:00,2000-03,T-Mobile,call,mobile,355.0,2000-03-03,09:59:00,2000,March,Friday
2000-03-03 10:12:00,2000-03,AT&T,call,international,745.0,2000-03-03,10:12:00,2000,March,Friday
2000-03-03 10:27:00,2000-03,Orange,call,mobile,57.0,2000-03-03,10:27:00,2000,March,Friday
2000-03-03 14:34:00,2000-03,AT&T,call,international,1325.0,2000-03-03,14:34:00,2000,March,Friday
2000-03-03 18:36:00,2000-03,T-Mobile,call,mobile,768.0,2000-03-03,18:36:00,2000,March,Friday
2000-03-04 06:58:00,2000-03,Orange,data,data,34.5,2000-03-04,06:58:00,2000,March,Saturday
2000-03-04 07:02:00,2000-03,Orange,sms,mobile,1.0,2000-03-04,07:02:00,2000,March,Saturday
2000-03-04 07:16:00,2000-03,Orange,sms,mobile,1.0,2000-03-04,07:16:00,2000,March,Saturday
2000-03-04 10:30:00,2000-03,T-Mobile,sms,mobile,1.0,2000-03-04,10:30:00,2000,March,Saturday
2000-03-04 10:30:00,2000-03,T-Mobile,sms,mobile,1.0,2000-03-04,10:30:00,2000,March,Saturday
2000-03-04 12:29:00,2000-03,landline,call,landline,10528.0,2000-03-04,12:29:00,2000,March,Saturday
2000-03-05 06:58:00,2000-03,T-Mobile,data,data,34.5,2000-03-05,06:58:00,2000,March,Sunday
2000-03-06 06:58:00,2000-03,T-Mobile,data,data,34.5,2000-03-06,06:58:00,2000,March,Monday
2000-03-07 06:58:00,2000-03,T-Mobile,data,data,34.5,2000-03-07,06:58:00,2000,March,Tuesday
2000-03-08 06:58:00,2000-03,T-Mobile,data,data,34.5,2000-03-08,06:58:00,2000,March,Wednesday
2000-03-09 06:58:00,2000-03,T-Mobile,data,data,34.5,2000-03-09,06:58:00,2000,March,Thursday
2000-03-10 06:58:00,2000-03,T-Mobile,data,data,34.5,2000-03-10,06:58:00,2000,March,Friday
2000-03-11 06:58:00,2000-03,T-Mobile,data,data,34.5,2000-03-11,06:58:00,2000,March,Saturday
2000-03-12 06:58:00,2000-03,T-Mobile,data,data,34.5,2000-03-12,06:58:00,2000,March,Sunday
2000-03-13 00:38:00,2000-03,AT&T,sms,international,1.0,2000-03-13,00:38:00,2000,March,Monday
2000-03-13 00:39:00,2000-03,Orange,sms,mobile,1.0,2000-03-13,00:39:00,2000,March,Monday
2000-03-13 06:58:00,2000-03,Orange,data,data,34.5,2000-03-13,06:58:00,2000,March,Monday
2000-03-14 00:13:00,2000-03,AT&T,sms,international,1.0,2000-03-14,00:13:00,2000,March,Tuesday
2000-03-14 00:16:00,2000-03,AT&T,sms,international,1.0,2000-03-14,00:16:00,2000,March,Tuesday
